Building consents by region (Monthly),,,,,,
,Canterbury Region,,,New Zealand,,
 ,Dwelling units,Houses,"Apartments, townhouses, units, and other dwellings",Dwelling units,Houses,"Apartments, townhouses, units, and other dwellings"
 ,New,New,New,New,New,New
 ,Actual,Actual,Actual,Actual,Actual,Actual
 ,Number,Number,Number,Number,Number,Number
2015M01,467,346,121,1703,1141,562
2015M02,517,371,146,1758,1349,409
2015M03,588,460,128,2271,1640,631
2015M04,427,351,76,2112,1365,747
2015M05,549,382,167,2171,1587,584
2015M06,544,397,147,2042,1502,540
2015M07,652,416,236,2824,1799,1025
2015M08,596,402,194,2291,1617,674
2015M09,526,425,101,2242,1781,461
2015M10,489,386,103,2349,1732,617
2015M11,573,400,173,2831,1864,967
2015M12,564,363,201,2538,1661,877
2016M01,289,229,60,1695,1286,409
2016M02,525,362,163,2379,1712,667
2016M03,520,371,149,2315,1815,500
2016M04,656,381,275,2361,1742,619
2016M05,618,410,208,2520,1956,564
2016M06,467,381,86,2752,1863,889
2016M07,543,299,244,2811,1761,1050
2016M08,568,383,185,2834,2015,819
2016M09,458,354,104,2614,1892,722
2016M10,387,307,80,2575,1802,773
2016M11,459,340,119,3005,1886,1119
2016M12,413,302,111,2205,1580,625
2017M01,348,267,81,1752,1253,499
2017M02,361,284,77,2418,1761,657
2017M03,491,335,156,2779,1923,856
2017M04,333,271,62,2106,1487,619
2017M05,477,401,76,2794,2039,755
2017M06,342,289,53,2560,1691,869
2017M07,543,395,148,2762,1900,862
2017M08,498,381,117,3166,2025,1141
2017M09,470,368,102,2770,1843,927
2017M10,421,296,125,2549,1806,743
2017M11,422,294,128,3262,1870,1392
2017M12,298,248,50,2169,1424,745
2018M01,292,206,86,1916,1380,536
2018M02,375,271,104,2412,1664,748
2018M03,435,256,179,2926,1753,1173
2018M04,368,261,107,2729,1614,1115
2018M05,448,323,125,3407,2167,1240
2018M06,392,281,111,2792,1730,1062
2018M07,309,252,57,2752,1731,1021
2018M08,394,318,76,3075,1880,1195
2018M09,475,342,133,2559,1673,886
2018M10,433,297,136,2926,2032,894
2018M11,449,343,106,3120,2009,1111
2018M12,399,272,127,2382,1492,890
2019M01,314,247,67,2496,1525,971
2019M02,448,260,188,3098,1814,1284
2019M03,486,323,163,3180,1949,1231
2019M04,411,288,123,2605,1659,946
2019M05,444,301,143,3724,2015,1709
2019M06,397,249,148,2887,1659,1228
2019M07,431,365,66,3420,2101,1319
2019M08,511,372,139,3265,1958,1307
2019M09,472,343,129,3347,1744,1603
2019M10,471,388,83,3412,2137,1275
2019M11,526,342,184,3238,2006,1232
2019M12,397,281,116,2955,1702,1253
2020M01,469,324,145,2564,1584,980
2020M02,451,335,116,3285,1994,1291
2020M03,466,342,124,2915,1732,1183
2020M04,397,252,145,2174,1364,810
2020M05,667,388,279,3562,1934,1628
2020M06,513,345,168,3477,1885,1592
2020M07,389,313,76,3391,1938,1453
2020M08,435,316,119,3156,1800,1356
2020M09,437,385,52,3605,2052,1553
2020M10,576,390,186,3659,1956,1703
2020M11,596,397,199,3881,2056,1825
2020M12,500,375,125,3751,1917,1834
2021M01,425,256,169,3025,1487,1538
2021M02,458,353,105,3129,1944,1185
2021M03,690,518,172,4222,2442,1780
2021M04,648,423,225,3995,2140,1855
2021M05,698,473,225,4201,2426,1775
2021M06,639,447,192,4316,2374,1942
2021M07,709,449,260,4222,2316,1906
2021M08,701,460,241,4508,2194,2314
2021M09,739,460,279,4521,2211,2310
2021M10,697,434,263,4048,2102,1946
2021M11,622,385,237,4692,2128,2564
2021M12,688,370,318,4128,1823,2305
2022M01,528,360,168,2835,1435,1400
2022M02,958,466,492,4195,1950,2245
2022M03,930,515,415,5303,2303,3000
2022M04,580,344,236,3719,1653,2066
2022M05,738,448,290,4528,2047,2481
2022M06,738,453,285,4037,1751,2286
2022M07,637,404,233,4100,1730,2370
2022M08,836,446,390,4547,1927,2620
2022M09,766,507,259,4600,1848,2752
2022M10,697,375,322,3568,1541,2027
2022M11,777,407,370,4649,1837,2812
2022M12,713,353,360,3457,1378,2079
2023M01,519,268,251,2777,1067,1710
2023M02,517,319,198,2972,1303,1669
2023M03,653,350,303,3971,1586,2385
2023M04,427,246,181,2761,1123,1638
2023M05,637,395,242,3725,1643,2082
2023M06,659,346,313,3402,1515,1887
2023M07,449,226,223,3058,1183,1875
2023M08,592,280,312,3170,1243,1927
2023M09,569,252,317,2898,1200,1698
2023M10,738,274,464,3060,1255,1805
2023M11,685,340,345,2958,1462,1496
2023M12,514,257,257,2487,1095,1392
2024M01,334,201,133,1991,899,1092
2024M02,438,285,153,2795,1297,1498
2024M03,533,300,233,2931,1251,1680
2024M04,559,330,229,2926,1354,1572
2024M05,682,365,317,3175,1555,1620
2024M06,525,309,216,2178,1122,1056
2024M07,593,326,267,3352,1685,1667
2024M08,543,333,210,2881,1422,1459
2024M09,558,329,229,2943,1378,1565
2024M10,607,329,278,2850,1363,1487
2024M11,616,289,327,3100,1402,1698
2024M12,556,277,279,2478,1052,1426
2025M01,420,272,148,2203,1077,1126
2025M02,460,261,199,2578,1191,1387
2025M03,532,285,247,3398,1374,2024
2025M04,413,241,172,2418,1148,1270
2025M05,678,366,312,3151,1464,1687
2025M06,523,331,192,2627,1302,1325
2025M07,680,392,288,3252,1512,1740
2025M08,556,353,203,3080,1492,1588
2025M09,758,402,356,3747,1601,2146
2025M10,734,413,321,3520,1568,1952
2025M11,825,387,438,3517,1607,1910
2025M12,737,374,363,3128,1299,1829
2026M01,502,318,184,2528,1190,1338
2026M02,783,415,368,3168,1532,1636
2026M03,840,450,390,3677,1729,1948
2026M04,770,442,328,3692,1604,2088
2026M05,760,443,317,3801,1835,1966
2026M06,702,359,343,3471,1658,1813
2026M07,765,391,374,3579,1769,1810
2026M08,757,399,358,3440,1704,1736
Table information:,,,,,,
Units:,,,,,,
"Number, Magnitude = Units",,,,,,
,,,,,,
Footnotes:,,,,,,
"Values include GST. From 1 September 1989, consents below $5,000 are excluded.",,,,,,
Floor areas are for new buildings only and are imputed when they are not included on consents.,,,,,,
"Non-building construction is works that require building consents but are not buildings, such as retaining walls and swimming pools. Many civil engineering works, such as roads, require resource consents but not building consents, so are excluded.",,,,,,
Regional council areas are as at 2025.,,,,,,
Each dwelling in a housing project or apartment block is counted separately.,,,,,,
"For staged consents, values are recorded at each stage but floor areas and unit counts are normally recorded at the largest stage.",,,,,,
"Residential alterations includes relocated dwellings, and new domestic outbuildings such as garages and sheds on residential sections.",,,,,,
Seasonally adjusted numbers exclude estimated seasonal fluctuations and are recalculated each period.,,,,,,
Trend numbers exclude estimated seasonal fluctuations and short-term irregular movements anad are recalculated each period. The trend for non-residential building value is estimated after removing consent values of $100 million or more.,,,,,,
 ,,,,,,
Symbols:,,,,,,
.. figure not available,,,,,,
C: Confidential,,,,,,
E: Early Estimate,,,,,,
P: Provisional,,,,,,
R: Revised,,,,,,
S: Suppressed,,,,,,
,,,,,,
Status flags are not displayed,,,,,,
,,,,,,
Table reference: ,,,,,,
BLD106AA,,,,,,
,,,,,,
Last updated:,,,,,,
Number: 01 October 2026 10:45am,,,,,,
,,,,,,
Source: Statistics New Zealand,,,,,,
Contact: Information Centre,,,,,,
Telephone: 0508 525 525,,,,,,
Email:info@stats.govt.nz,,,,,,
