"Quarter","HPI","NetMigration_NZ","CPI","Inflation_YoY","Dwellings","AvgFloorArea","ValuePerSQM","TotalValue","TotalFloorArea","ValuePerConsent","Year","ValueIncome","MortgageBurden"
"2021Q1",3379,-1782,1068,NA,1573,161,2187,554957428,253757,352802,2021,5.5,26.2
"2021Q2",3495,-6585,1082,NA,1985,156,2145,663572561,309348,334293,2021,5.5,26.2
"2021Q3",3704,-10821,1106,NA,2149,156,2191,736893624,336280,342901,2021,5.5,26.2
"2021Q4",3920,-14950,1122,NA,2007,152,2276,694639931,305217,346109,2021,5.5,26.2
"2022Q1",3846,-19458,1142,6.92883895131087,2416,148,2342,836466019,357167,346219,2022,6.5,36.8
"2022Q2",3681,-17692,1161,7.30129390018484,2056,152,2445,764735580,312811,371953,2022,6.5,36.8
"2022Q3",3548,-5169,1186,7.23327305605788,2239,149,2487,828432622,333061,370001,2022,6.5,36.8
"2022Q4",3484,24900,1203,7.2192513368984,2187,144,2617,825386776,315438,377406,2022,6.5,36.8
"2023Q1",3382,74466,1218,6.65499124343258,1689,147,2826,701692504,248305,415448,2023,5.8,39.6
"2023Q2",3349,108397,1231,6.02928509905254,1723,147,2836,717676865,253082,416527,2023,5.8,39.6
"2023Q3",3404,132723,1253,5.64924114671164,1610,135,2953,640524498,216870,397841,2023,5.8,39.6
"2023Q4",3464,127951,1259,4.65502909393183,1937,133,2991,771477576,257941,398285,2023,5.8,39.6
"2024Q1",3470,100024,1267,4.02298850574712,1305,149,2867,556731415,194181,426614,2024,5.7,40.2
"2024Q2",3398,70216,1272,3.3306255077173,1766,141,2871,712799164,248247,403624,2024,5.7,40.2
"2024Q3",3381,42233,1280,2.15482841181165,1694,134,2924,664384547,227211,392199,2024,5.7,40.2
"2024Q4",3414,23880,1287,2.22398729150119,1779,140,2934,729254267,248555,409924,2024,5.7,40.2
"2025Q1",3412,14048,1299,2.52565114443568,1412,140,2819,556571853,197423,394173,2025,5.6,34
"2025Q2",3375,11319,1306,2.67295597484276,1614,144,2860,666197380,232939,412762,2025,5.6,34
"2025Q3",3376,12211,1319,3.046875,1994,143,2839,810914068,285633,406677,2025,5.6,34
"2025Q4",3392,18462,1327,3.1080031080031,2296,138,2966,936626292,315736,407938,2025,5.6,34
