"Year","Canterbury Region Level","Canterbury Region % Change","Canterbury Region Absolute change","New Zealand Level","New Zealand % Change","New Zealand Absolute change"
"2005","251854","","","302302","",""
"2006","286107","13.6","34253","339202","12.2","36900"
"2007","322604","12.8","36497","378950","11.7","39748"
"2008","332674","3.1","10070","389733","2.8","10783"
"2009","305392","-8.2","-27282","354277","-9.1","-35456"
"2010","324132","6.1","18740","376446","6.3","22169"
"2011","322298","-0.6","-1834","370730","-1.5","-5716"
"2012","345206","7.1","22908","382579","3.2","11849"
"2013","379437","9.9","34231","412150","7.7","29571"
"2014","404923","6.7","25486","444261","7.8","32111"
"2015","418878","3.4","13955","484580","9.1","40319"
"2016","439236","4.9","20358","547104","12.9","62524"
"2017","447499","1.9","8263","612581","12","65477"
"2018","450887","0.8","3388","635585","3.8","23004"
"2019","458207","1.6","7320","647043","1.8","11458"
"2020","475213","3.7","17006","697360","7.8","50317"
"2021","564041","18.7","88828","865675","24.1","168315"
"2022","716312","27","152271","985383","13.8","119708"
"2023","677876","-5.4","-38436","866461","-12.1","-118922"
"2024","708790","4.6","30914","888862","2.6","22401"
"2025","718877","1.4","10087","874222","-1.6","-14640"
"2026","743171","3.4","24294","870908","-0.4","-3314"