"Estimated migration by direction, citizenship and NZ area, 12/16-month rule (Monthly)",,,,,,,,,,,,
,Rolling Annual,,,,,,Monthly,,,,,
 ,Arrivals,,Departures,,Net,,Arrivals,,Departures,,Net,
 ,TOTAL ALL CITIZENSHIPS,,TOTAL ALL CITIZENSHIPS,,TOTAL ALL CITIZENSHIPS,,TOTAL ALL CITIZENSHIPS,,TOTAL ALL CITIZENSHIPS,,TOTAL ALL CITIZENSHIPS,
 ,Canterbury Region,TOTAL ALL AREAS,Canterbury Region,TOTAL ALL AREAS,Canterbury Region,TOTAL ALL AREAS,Canterbury Region,TOTAL ALL AREAS,Canterbury Region,TOTAL ALL AREAS,Canterbury Region,TOTAL ALL AREAS
 ,Estimate,Estimate,Estimate,Estimate,Estimate,Estimate,Estimate,Estimate,Estimate,Estimate,Estimate,Estimate
2015M01,14826,130398,7380,80604,7446,49797,1410,13356,615,6819,798,6537
2015M02,14727,130842,7470,80628,7257,50211,1260,12639,537,6192,723,6447
2015M03,14796,132042,7581,80775,7215,51267,1209,11043,726,6948,486,4095
2015M04,14796,132666,7692,80835,7104,51831,993,9066,648,6447,348,2619
2015M05,14805,133386,7707,80529,7098,52860,1029,9006,696,6762,330,2244
2015M06,14790,133917,7737,80490,7050,53427,1068,9477,699,6756,366,2718
2015M07,15042,135183,7833,80580,7212,54606,1398,12840,738,7029,657,5811
2015M08,15099,135861,7956,80478,7143,55383,1401,11892,645,6198,756,5697
2015M09,15147,136785,7947,80289,7200,56499,1314,12321,543,5781,771,6540
2015M10,15213,138189,7941,80493,7275,57699,1338,12624,558,5700,783,6924
2015M11,15126,139167,7932,80199,7194,58968,1308,12327,609,6504,702,5823
2015M12,15159,140124,7911,80316,7251,59811,1428,13536,900,9183,531,4353
2016M01,15102,140733,7905,80058,7194,60675,1353,13965,609,6558,744,7404
2016M02,15396,142584,7998,79908,7401,62670,1554,14490,627,6045,930,8445
2016M03,15354,142776,7971,79623,7383,63156,1167,11238,696,6660,468,4581
2016M04,15345,143259,7998,79896,7347,63363,984,9546,675,6717,312,2829
2016M05,15375,143802,7968,79809,7407,63996,1059,9549,672,6675,387,2874
2016M06,15324,144180,7935,79569,7389,64611,1017,9858,666,6519,348,3339
2016M07,15147,144357,7932,79686,7215,64674,1221,13017,735,7146,486,5871
2016M08,14943,143577,7920,79542,7023,64032,1194,11112,630,6054,564,5058
2016M09,14964,143538,7956,79662,7011,63876,1341,12279,582,5895,759,6381
2016M10,15000,143148,7938,79503,7065,63645,1374,12234,540,5541,834,6693
2016M11,14838,143112,7977,79917,6861,63192,1146,12291,648,6918,495,5370
2016M12,14772,143124,7968,80235,6807,62889,1365,13551,888,9501,477,4047
2017M01,14889,143334,8016,80862,6870,62469,1467,14175,657,7188,807,6984
2017M02,14718,142941,8025,81321,6696,61623,1386,14097,633,6498,753,7599
2017M03,14520,142590,7995,81240,6522,61350,969,10884,669,6582,297,4305
2017M04,14433,142167,7962,81348,6474,60816,903,9123,639,6831,261,2295
2017M05,14268,141945,8058,82020,6210,59922,891,9327,768,7347,126,1983
2017M06,14289,142257,8115,82725,6171,59532,1038,10167,726,7221,312,2946
2017M07,14292,142164,8139,83421,6153,58746,1221,12927,759,7845,462,5082
2017M08,14127,142287,8181,84252,5949,58032,1032,11232,672,6885,360,4347
2017M09,13884,141570,8184,85035,5700,56535,1095,11562,582,6681,510,4884
2017M10,13686,141126,8298,85770,5385,55353,1176,11790,654,6279,522,5511
2017M11,13665,140610,8355,86091,5307,54519,1125,11775,705,7236,417,4536
2017M12,13458,140103,8424,86823,5034,53280,1161,13044,957,10233,204,2811
2018M01,13281,140031,8454,86946,4827,53085,1287,14103,687,7314,603,6789
2018M02,13125,138858,8475,86991,4644,51864,1230,12924,660,6543,570,6381
2018M03,13119,139002,8571,88071,4548,50931,963,11028,762,7659,201,3369
2018M04,12996,138630,8640,88437,4359,50190,780,8748,711,7197,69,1551
2018M05,12927,138651,8619,88740,4308,49914,822,9351,747,7647,75,1704
2018M06,12747,138057,8703,89061,4047,48996,858,9570,807,7542,51,2028
2018M07,12591,138033,8757,89418,3837,48612,1068,12903,813,8202,252,4701
2018M08,12441,138567,8751,89685,3690,48882,882,11766,663,7149,216,4617
2018M09,12255,139002,8778,89577,3474,49428,906,12003,612,6570,294,5433
2018M10,11940,139008,8745,89643,3192,49368,861,11793,621,6345,237,5451
2018M11,11694,138960,8724,89724,2970,49239,879,11727,681,7320,198,4407
2018M12,11361,139017,8685,89448,2673,49569,825,13098,918,9957,-93,3141
2019M01,10806,138924,8655,89817,2151,49107,735,14007,657,7683,78,6324
2019M02,9909,139209,8646,89697,1263,49512,333,13209,648,6423,-318,6786
2019M03,9201,139035,8598,89352,603,49686,255,10860,720,7317,-462,3543
2019M04,8661,138990,8532,88998,129,49989,240,8703,642,6843,-402,1857
2019M05,8112,139905,8589,88782,-477,51123,270,10266,804,7428,-534,2838
2019M06,7569,141513,8508,89415,-939,52098,318,11187,726,8178,-408,3009
2019M07,6834,142917,8373,89112,-1536,53802,333,14307,678,7902,-348,6405
2019M08,6342,145104,8274,88551,-1932,56553,387,13953,564,6591,-177,7365
2019M09,5898,147891,8220,88767,-2319,59124,462,14787,561,6786,-93,8001
2019M10,5538,152928,8205,89331,-2664,63594,501,16830,606,6906,-108,9921
2019M11,5205,159426,8322,91704,-3114,67725,543,18222,798,9690,-252,8532
2019M12,5169,165741,8385,93153,-3216,72588,789,19413,984,11406,-195,8001
2020M01,5025,171636,8514,94371,-3489,77265,588,19905,783,8898,-192,11004
2020M02,5346,179499,8418,94392,-3069,85107,654,21072,552,6447,99,14625
2020M03,5802,184884,8199,93204,-2397,91680,708,16245,498,6126,210,10116
2020M04,5643,177318,7626,87390,-1983,89928,81,1137,69,1029,12,102
2020M05,5487,168432,6921,80970,-1434,87462,117,1383,99,1008,18,372
2020M06,5340,159696,6396,74862,-1059,84837,168,2451,204,2067,-36,381
2020M07,5232,149172,6138,70671,-906,78501,228,3783,423,3711,-195,72
2020M08,5226,140244,5943,67827,-717,72420,384,5025,366,3747,15,1278
2020M09,5160,130893,5826,65910,-666,64980,396,5436,441,4869,-45,564
2020M10,5028,119127,5613,63327,-582,55800,372,5064,393,4320,-24,741
2020M11,4815,105750,5286,58785,-471,46968,330,4848,471,5148,-141,-300
2020M12,4389,91443,4962,54600,-573,36846,363,5103,663,7224,-297,-2121
2021M01,4116,76572,4722,51573,-609,24999,321,5031,546,5871,-225,-843
2021M02,3843,60522,4575,51033,-729,9489,381,5025,402,5910,-21,-885
2021M03,3435,49188,4611,50970,-1176,-1782,300,4908,537,6063,-237,-1155
2021M04,3669,53667,5091,56415,-1422,-2748,315,5613,552,6474,-237,-864
2021M05,3903,57546,5580,61746,-1674,-4200,351,5259,585,6336,-234,-1077
2021M06,4020,59928,5997,66513,-1974,-6585,285,4833,621,6837,-336,-2004
2021M07,4170,61878,6180,69486,-2007,-7608,378,5736,606,6687,-228,-951
2021M08,3885,59892,6105,69969,-2217,-10077,99,3039,291,4230,-195,-1191
2021M09,3621,57285,5907,68106,-2286,-10821,132,2826,243,3006,-111,-180
2021M10,3444,56157,5826,67356,-2382,-11199,192,3933,312,3570,-120,363
2021M11,3306,55449,5802,68067,-2496,-12621,192,4140,450,5859,-255,-1722
2021M12,3171,55458,6069,70407,-2898,-14952,228,5115,924,9567,-699,-4452
2022M01,3012,53994,6174,71610,-3162,-17616,159,3567,648,7074,-489,-3507
2022M02,2748,51888,6258,71979,-3510,-20094,120,2916,489,6276,-372,-3360
2022M03,2808,54171,6501,73629,-3687,-19458,363,7194,777,7713,-417,-519
2022M04,2928,55851,6738,75315,-3810,-19464,435,7290,792,8160,-354,-867
2022M05,2982,57990,6975,77622,-3993,-19629,405,7401,822,8646,-417,-1245
2022M06,3102,61326,7155,79017,-4053,-17691,405,8166,801,8229,-396,-66
2022M07,3255,67023,7344,81531,-4089,-14505,531,11436,795,9198,-264,2238
2022M08,3657,74184,7767,84987,-4110,-10806,501,10197,720,7689,-219,2508
2022M09,4011,83913,8151,89082,-4140,-5166,486,12561,630,7095,-144,5463
2022M10,4386,92802,8433,92661,-4044,141,567,12822,594,7155,-24,5667
2022M11,4836,106344,8814,94905,-3978,11439,642,17682,831,8106,-189,9573
2022M12,5364,119388,8778,94515,-3411,24873,759,18162,891,9174,-132,8988
2023M01,5961,132624,8835,95214,-2877,37410,753,16800,705,7770,48,9030
2023M02,6714,152373,9078,96834,-2364,55542,873,22665,729,7899,144,14772
2023M03,7245,170112,9093,97425,-1845,72684,891,24930,792,8304,99,16626
2023M04,7497,181164,9147,97617,-1650,83547,684,18345,843,8352,-159,9993
2023M05,7827,193239,9171,97929,-1347,95307,732,19476,846,8961,-114,10515
2023M06,8172,205218,9261,98601,-1092,106617,750,20145,891,8901,-141,11247
2023M07,8409,212121,9366,98115,-957,114006,771,18336,900,8712,-126,9624
2023M08,8757,223323,9390,97815,-636,125511,849,21402,744,7389,105,14013
2023M09,9027,229536,9504,98601,-480,130932,753,18771,741,7887,12,10887
2023M10,9090,232884,9636,99144,-543,133737,630,16164,723,7695,-90,8472
2023M11,9114,231027,9660,99942,-546,131085,663,15828,855,8907,-192,6921
2023M12,9063,228000,9771,101805,-708,126195,711,15135,1002,11037,-294,4101
2024M01,8964,225699,10071,104271,-1107,121431,654,14499,1005,10233,-351,4263
2024M02,8709,218652,10257,105312,-1548,113343,615,15618,912,8937,-297,6678
2024M03,8322,206892,10473,106872,-2151,100020,504,13167,1011,9864,-504,3306
2024M04,7992,198732,10620,108006,-2628,90723,357,10185,990,9486,-633,696
2024M05,7623,189474,10857,109296,-3231,80178,363,10221,1083,10251,-720,-30
2024M06,7374,180993,11019,110784,-3648,70212,498,11661,1053,10383,-555,1281
2024M07,7146,175569,11109,112089,-3963,63480,546,12912,990,10020,-444,2892
2024M08,6762,165045,11166,113655,-4401,51390,465,10878,798,8952,-336,1926
2024M09,6477,157050,11247,114816,-4767,42234,468,10776,822,9045,-354,1728
2024M10,6339,151332,11421,116118,-5085,35214,492,10449,897,8997,-405,1452
2024M11,6171,145872,11526,117150,-5358,28722,498,10368,960,9939,-465,429
2024M12,6060,142431,11700,118683,-5640,23748,600,11694,1176,12567,-576,-873
2025M01,5958,139443,11811,119937,-5853,19506,555,11514,1119,11490,-564,24
2025M02,5880,137706,11895,120294,-6012,17412,534,13881,993,9294,-459,4587
2025M03,5796,134184,11919,120492,-6123,13689,423,9642,1038,10062,-618,-420
Table information:,,,,,,,,,,,,
Units:,,,,,,,,,,,,
"Number, Magnitude = Units",,,,,,,,,,,,
,,,,,,,,,,,,
Footnotes:,,,,,,,,,,,,
Figure may not sum to totals due to being randomly rounded to 3.,,,,,,,,,,,,
 ,,,,,,,,,,,,
Symbols:,,,,,,,,,,,,
.. figure not available,,,,,,,,,,,,
C: Confidential,,,,,,,,,,,,
E: Early Estimate,,,,,,,,,,,,
P: Provisional,,,,,,,,,,,,
R: Revised,,,,,,,,,,,,
S: Suppressed,,,,,,,,,,,,
,,,,,,,,,,,,
Status flags are not displayed,,,,,,,,,,,,
,,,,,,,,,,,,
Table reference: ,,,,,,,,,,,,
ITM499AA,,,,,,,,,,,,
,,,,,,,,,,,,
Last updated:,,,,,,,,,,,,
14 September 2026 10:45am,,,,,,,,,,,,
,,,,,,,,,,,,
Source: Statistics New Zealand,,,,,,,,,,,,
Contact: Information Centre,,,,,,,,,,,,
Telephone: 0508 525 525,,,,,,,,,,,,
Email:info@stats.govt.nz,,,,,,,,,,,,
