Date,Median Sale Price
1992-01-01,105000
1992-02-01,110000
1992-03-01,110000
1992-04-01,110000
1992-05-01,110000
1992-06-01,108000
1992-07-01,110000
1992-08-01,110000
1992-09-01,110000
1992-10-01,111000
1992-11-01,110000
1992-12-01,113000
1993-01-01,112000
1993-02-01,114000
1993-03-01,113000
1993-04-01,115000
1993-05-01,112000
1993-06-01,115000
1993-07-01,115000
1993-08-01,116000
1993-09-01,118000
1993-10-01,120000
1993-11-01,122000
1993-12-01,121000
1994-01-01,123000
1994-02-01,125000
1994-03-01,126000
1994-04-01,127500
1994-05-01,127000
1994-06-01,129500
1994-07-01,129000
1994-08-01,131000
1994-09-01,132000
1994-10-01,135000
1994-11-01,136000
1994-12-01,133000
1995-01-01,130000
1995-02-01,135000
1995-03-01,135500
1995-04-01,136000
1995-05-01,137000
1995-06-01,137000
1995-07-01,138000
1995-08-01,140000
1995-09-01,141500
1995-10-01,144000
1995-11-01,145000
1995-12-01,140000
1996-01-01,146000
1996-02-01,153500
1996-03-01,155000
1996-04-01,149000
1996-05-01,148000
1996-06-01,145000
1996-07-01,147500
1996-08-01,147000
1996-09-01,153000
1996-10-01,155000
1996-11-01,156000
1996-12-01,154000
1997-01-01,160000
1997-02-01,160000
1997-03-01,164000
1997-04-01,162500
1997-05-01,163000
1997-06-01,162000
1997-07-01,162000
1997-08-01,165000
1997-09-01,163500
1997-10-01,165000
1997-11-01,170000
1997-12-01,165000
1998-01-01,163000
1998-02-01,162000
1998-03-01,165500
1998-04-01,162000
1998-05-01,165000
1998-06-01,165000
1998-07-01,165000
1998-08-01,165000
1998-09-01,165000
1998-10-01,165000
1998-11-01,168000
1998-12-01,169000
1999-01-01,164800
1999-02-01,170000
1999-03-01,168000
1999-04-01,170000
1999-05-01,168000
1999-06-01,172000
1999-07-01,168000
1999-08-01,169000
1999-09-01,170000
1999-10-01,168000
1999-11-01,172000
1999-12-01,170000
2000-01-01,170000
2000-02-01,171000
2000-03-01,175000
2000-04-01,177000
2000-05-01,172000
2000-06-01,170000
2000-07-01,170000
2000-08-01,170000
2000-09-01,173000
2000-10-01,170500
2000-11-01,174000
2000-12-01,170000
2001-01-01,175000
2001-02-01,173000
2001-03-01,173000
2001-04-01,177500
2001-05-01,170000
2001-06-01,177000
2001-07-01,170000
2001-08-01,176000
2001-09-01,173000
2001-10-01,179000
2001-11-01,176000
2001-12-01,179000
2002-01-01,175000
2002-02-01,186000
2002-03-01,186000
2002-04-01,189000
2002-05-01,188000
2002-06-01,184000
2002-07-01,185000
2002-08-01,185000
2002-09-01,185000
2002-10-01,188000
2002-11-01,195650
2002-12-01,192000
2003-01-01,193100
2003-02-01,195000
2003-03-01,200000
2003-04-01,202000
2003-05-01,210000
2003-06-01,210000
2003-07-01,212000
2003-08-01,215000
2003-09-01,215000
2003-10-01,227000
2003-11-01,235000
2003-12-01,228500
2004-01-01,229000
2004-02-01,231000
2004-03-01,240000
2004-04-01,242000
2004-05-01,248000
2004-06-01,243000
2004-07-01,249000
2004-08-01,248500
2004-09-01,250000
2004-10-01,252000
2004-11-01,260000
2004-12-01,260000
2005-01-01,265000
2005-02-01,270000
2005-03-01,280500
2005-04-01,272300
2005-05-01,275000
2005-06-01,283000
2005-07-01,282500
2005-08-01,287000
2005-09-01,290000
2005-10-01,297000
2005-11-01,300000
2005-12-01,300000
2006-01-01,293000
2006-02-01,296000
2006-03-01,300000
2006-04-01,308000
2006-05-01,303000
2006-06-01,310000
2006-07-01,315000
2006-08-01,310000
2006-09-01,314800
2006-10-01,325000
2006-11-01,330700
2006-12-01,330000
2007-01-01,327000
2007-02-01,335000
2007-03-01,342500
2007-04-01,347000
2007-05-01,350000
2007-06-01,349000
2007-07-01,345000
2007-08-01,350000
2007-09-01,350000
2007-10-01,347000
2007-11-01,355000
2007-12-01,346000
2008-01-01,340000
2008-02-01,337500
2008-03-01,349500
2008-04-01,345000
2008-05-01,350000
2008-06-01,335000
2008-07-01,340000
2008-08-01,330000
2008-09-01,330000
2008-10-01,335000
2008-11-01,338000
2008-12-01,330000
2009-01-01,320000
2009-02-01,330000
2009-03-01,337000
2009-04-01,340000
2009-05-01,337500
2009-06-01,340000
2009-07-01,340000
2009-08-01,346500
2009-09-01,349000
2009-10-01,358000
2009-11-01,355000
2009-12-01,360000
2010-01-01,350000
2010-02-01,350000
2010-03-01,360000
2010-04-01,355000
2010-05-01,350000
2010-06-01,352500
2010-07-01,350000
2010-08-01,350000
2010-09-01,350000
2010-10-01,353000
2010-11-01,358000
2010-12-01,352000
2011-01-01,340000
2011-02-01,348000
2011-03-01,365000
2011-04-01,360000
2011-05-01,351000
2011-06-01,357000
2011-07-01,345000
2011-08-01,355000
2011-09-01,350000
2011-10-01,359000
2011-11-01,367000
2011-12-01,355000
2012-01-01,354000
2012-02-01,352000
2012-03-01,373000
2012-04-01,365000
2012-05-01,369000
2012-06-01,370000
2012-07-01,363000
2012-08-01,370000
2012-09-01,371000
2012-10-01,380000
2012-11-01,383000
2012-12-01,390000
2013-01-01,370000
2013-02-01,383000
2013-03-01,399000
2013-04-01,392500
2013-05-01,390000
2013-06-01,395000
2013-07-01,385000
2013-08-01,390000
2013-09-01,400000
2013-10-01,408000
2013-11-01,425000
2013-12-01,426000
2014-01-01,400000
2014-02-01,415000
2014-03-01,440000
2014-04-01,430000
2014-05-01,430000
2014-06-01,426500
2014-07-01,417000
2014-08-01,420000
2014-09-01,420000
2014-10-01,430000
2014-11-01,456300
2014-12-01,454000
2015-01-01,425000
2015-02-01,430000
2015-03-01,475000
2015-04-01,455000
2015-05-01,460000
2015-06-01,450000
2015-07-01,464000
2015-08-01,465000
2015-09-01,482000
2015-10-01,458000
2015-11-01,457000
2015-12-01,462300
2016-01-01,448000
2016-02-01,450000
2016-03-01,494000
2016-04-01,490000
2016-05-01,508000
2016-06-01,500000
2016-07-01,501000
2016-08-01,490000
2016-09-01,519000
2016-10-01,510000
2016-11-01,520000
2016-12-01,520000
2017-01-01,485500
2017-02-01,496000
2017-03-01,550000
2017-04-01,540000
2017-05-01,535000
2017-06-01,530000
2017-07-01,518000
2017-08-01,530000
2017-09-01,525000
2017-10-01,530000
2017-11-01,540000
2017-12-01,551750
2018-01-01,520000
2018-02-01,530000
2018-03-01,560000
2018-04-01,550000
2018-05-01,560000
2018-06-01,560000
2018-07-01,550000
2018-08-01,550000
2018-09-01,559000
2018-10-01,561500
2018-11-01,580000
2018-12-01,560000
2019-01-01,550000
2019-02-01,560000
2019-03-01,585000
2019-04-01,580000
2019-05-01,580000
2019-06-01,585000
2019-07-01,575000
2019-08-01,580000
2019-09-01,596956
2019-10-01,605000
2019-11-01,632000
2019-12-01,628000
2020-01-01,612000
2020-02-01,635000
2020-03-01,665000
2020-04-01,680000
2020-05-01,620000
2020-06-01,637000
2020-07-01,659500
2020-08-01,677400
2020-09-01,689000
2020-10-01,725000
2020-11-01,747000
2020-12-01,745000
2021-01-01,730300
2021-02-01,780000
2021-03-01,825000
2021-04-01,804362
2021-05-01,820000
2021-06-01,816000
2021-07-01,825000
2021-08-01,850000
2021-09-01,795000
2021-10-01,892000
2021-11-01,925000
2021-12-01,900000
2022-01-01,879000
2022-02-01,885000
2022-03-01,890000
2022-04-01,875000
2022-05-01,850000
2022-06-01,850000
2022-07-01,810000
2022-08-01,800000
2022-09-01,810000
2022-10-01,818000
2022-11-01,806000
2022-12-01,785000
2023-01-01,765000
2023-02-01,766000
2023-03-01,779000
2023-04-01,780000
2023-05-01,780000
2023-06-01,780000
2023-07-01,770000
2023-08-01,770000
2023-09-01,799000
2023-10-01,789500
2023-11-01,795000
2023-12-01,780000
2024-01-01,763000
2024-02-01,791000
2024-03-01,801000
2024-04-01,790000
2024-05-01,770000
2024-06-01,770000
2024-07-01,754000
2024-08-01,765000
2024-09-01,782000
2024-10-01,795000
2024-11-01,790000
2024-12-01,776000
2025-01-01,750000
2025-02-01,770000
2025-03-01,790000
2025-04-01,780000
2025-05-01,765000
2025-06-01,765000
2025-07-01,765000
2025-08-01,760000
2025-09-01,773000
2025-10-01,790000
2025-11-01,802000
2025-12-01,790000
2026-01-01,755000
2026-02-01,795000
2026-03-01,790000
2026-04-01,780000
2026-05-01,780000
2026-06-01,775000
2026-07-01,760500
2026-08-01,750000
