Quarter,Men,Women,Total
Jun-12,6.2,6.7,6.4
Sept-12,6.6,6.9,6.7
Dec-12,6,6.7,6.3
Mar-13,5.2,6.5,5.8
Jun-13,5.5,6.5,6
Sept-13,5.5,6.2,5.8
Dec-13,5,6.4,5.7
Mar-14,5.1,6.1,5.6
Jun-14,4.6,6,5.3
Sept-14,4.6,6.1,5.3
Dec-14,4.8,6.3,5.5
Mar-15,5.2,5.9,5.5
Jun-15,4.8,6.3,5.5
Sept-15,5.2,6.1,5.7
Dec-15,4.7,5.3,5
Mar-16,5,5.6,5.3
Jun-16,4.7,5.5,5.1
Sept-16,4.7,5.3,5
Dec-16,4.8,5.8,5.3
Mar-17,4.3,5.6,4.9
Jun-17,4.8,5,4.9
Sept-17,4.1,5.4,4.7
Dec-17,4,5,4.5
Mar-18,3.9,4.8,4.4
Jun-18,4.4,4.9,4.6
Sept-18,4,4,4
Dec-18,4.4,4.2,4.3
Mar-19,3.8,4.5,4.2
Jun-19,3.7,4.4,4.1
Sept-19,3.8,4.4,4.1
Dec-19,3.9,4.3,4.1
Mar-20,4,4.4,4.2
Jun-20,3.6,4.6,4.1
Sept-20,4.8,5.6,5.2
Dec-20,4.5,5.4,4.9
Mar-21,4.6,4.7,4.6
Jun-21,3.8,4.2,4
Sept-21,3.3,3.3,3.3
Dec-21,3.1,3.4,3.2
Mar-22,3.2,3.4,3.3
Jun-22,3.1,3.6,3.3
Sept-22,2.9,3.7,3.3
Dec-22,3.3,3.5,3.4
Mar-23,3.3,3.7,3.5
Jun-23,3.4,3.9,3.7
Sept-23,3.7,4.2,3.9
Dec-23,3.8,4.3,4
Mar-24,4.1,4.8,4.4
Jun-24,4.6,4.7,4.7
Sept-24,4.7,5.1,4.9
Dec-24,5,5.3,5.1
Mar-25,4.9,5.4,5.2
Jun-25,5,5.5,5.2
Sept-25,5.2,5.4,5.3
Dec-25,5.3,5.5,5.4
Mar-26,5.4,5.3,5.4
Jun-26,5.7,5.5,5.6
