Date,Median sale price
1992-01-01,102000
1992-02-01,105000
1992-03-01,105500
1992-04-01,102000
1992-05-01,107000
1992-06-01,105000
1992-07-01,107000
1992-08-01,105000
1992-09-01,104000
1992-10-01,112000
1992-11-01,106000
1992-12-01,111500
1993-01-01,109000
1993-02-01,110000
1993-03-01,110000
1993-04-01,110000
1993-05-01,109000
1993-06-01,114000
1993-07-01,107850
1993-08-01,110000
1993-09-01,114000
1993-10-01,115000
1993-11-01,117000
1993-12-01,115000
1994-01-01,115000
1994-02-01,118500
1994-03-01,117000
1994-04-01,121000
1994-05-01,124500
1994-06-01,119500
1994-07-01,125000
1994-08-01,122000
1994-09-01,128000
1994-10-01,127000
1994-11-01,128500
1994-12-01,126500
1995-01-01,125000
1995-02-01,127000
1995-03-01,128000
1995-04-01,128000
1995-05-01,129000
1995-06-01,129000
1995-07-01,125000
1995-08-01,128000
1995-09-01,130500
1995-10-01,133000
1995-11-01,129750
1995-12-01,125000
1996-01-01,130000
1996-02-01,135000
1996-03-01,133000
1996-04-01,130000
1996-05-01,134000
1996-06-01,135500
1996-07-01,130000
1996-08-01,132500
1996-09-01,134000
1996-10-01,133200
1996-11-01,136000
1996-12-01,133500
1997-01-01,137000
1997-02-01,138000
1997-03-01,138000
1997-04-01,143000
1997-05-01,140000
1997-06-01,141000
1997-07-01,144000
1997-08-01,145750
1997-09-01,140000
1997-10-01,143000
1997-11-01,148000
1997-12-01,143000
1998-01-01,146000
1998-02-01,140000
1998-03-01,146500
1998-04-01,144000
1998-05-01,141000
1998-06-01,140000
1998-07-01,145000
1998-08-01,142000
1998-09-01,142500
1998-10-01,145000
1998-11-01,142000
1998-12-01,143000
1999-01-01,147500
1999-02-01,149000
1999-03-01,140000
1999-04-01,150000
1999-05-01,144000
1999-06-01,143000
1999-07-01,148000
1999-08-01,150000
1999-09-01,146000
1999-10-01,150000
1999-11-01,147000
1999-12-01,144000
2000-01-01,148000
2000-02-01,144000
2000-03-01,152000
2000-04-01,143500
2000-05-01,146500
2000-06-01,148000
2000-07-01,142000
2000-08-01,144000
2000-09-01,136000
2000-10-01,147000
2000-11-01,145000
2000-12-01,150000
2001-01-01,145000
2001-02-01,148000
2001-03-01,150000
2001-04-01,135500
2001-05-01,137500
2001-06-01,142000
2001-07-01,138000
2001-08-01,138000
2001-09-01,145000
2001-10-01,142000
2001-11-01,142000
2001-12-01,150000
2002-01-01,143000
2002-02-01,147000
2002-03-01,141500
2002-04-01,150000
2002-05-01,141000
2002-06-01,143000
2002-07-01,144000
2002-08-01,150000
2002-09-01,150000
2002-10-01,151500
2002-11-01,153000
2002-12-01,155000
2003-01-01,157000
2003-02-01,151000
2003-03-01,160000
2003-04-01,160000
2003-05-01,160000
2003-06-01,165000
2003-07-01,172000
2003-08-01,168500
2003-09-01,178000
2003-10-01,185000
2003-11-01,185000
2003-12-01,195000
2004-01-01,190000
2004-02-01,205000
2004-03-01,204000
2004-04-01,205200
2004-05-01,216000
2004-06-01,222500
2004-07-01,220000
2004-08-01,225000
2004-09-01,229000
2004-10-01,230000
2004-11-01,230000
2004-12-01,238000
2005-01-01,238000
2005-02-01,242000
2005-03-01,253000
2005-04-01,246000
2005-05-01,250000
2005-06-01,259500
2005-07-01,256600
2005-08-01,265000
2005-09-01,265000
2005-10-01,265000
2005-11-01,275000
2005-12-01,270000
2006-01-01,270000
2006-02-01,275000
2006-03-01,270000
2006-04-01,283000
2006-05-01,275000
2006-06-01,278000
2006-07-01,275000
2006-08-01,277000
2006-09-01,281000
2006-10-01,288500
2006-11-01,295000
2006-12-01,295000
2007-01-01,295000
2007-02-01,302500
2007-03-01,305000
2007-04-01,315000
2007-05-01,313000
2007-06-01,310000
2007-07-01,315000
2007-08-01,315000
2007-09-01,316000
2007-10-01,315000
2007-11-01,320000
2007-12-01,325000
2008-01-01,312000
2008-02-01,325000
2008-03-01,315000
2008-04-01,308000
2008-05-01,307000
2008-06-01,304000
2008-07-01,300000
2008-08-01,300000
2008-09-01,298000
2008-10-01,295000
2008-11-01,305000
2008-12-01,305000
2009-01-01,285000
2009-02-01,290000
2009-03-01,295000
2009-04-01,296000
2009-05-01,290000
2009-06-01,295000
2009-07-01,300000
2009-08-01,298000
2009-09-01,318000
2009-10-01,315000
2009-11-01,315500
2009-12-01,324500
2010-01-01,319000
2010-02-01,307000
2010-03-01,310000
2010-04-01,315000
2010-05-01,305000
2010-06-01,327000
2010-07-01,315000
2010-08-01,320000
2010-09-01,314500
2010-10-01,321000
2010-11-01,310000
2010-12-01,310000
2011-01-01,312000
2011-02-01,300000
2011-03-01,300000
2011-04-01,312500
2011-05-01,317500
2011-06-01,302000
2011-07-01,318000
2011-08-01,337000
2011-09-01,325000
2011-10-01,335000
2011-11-01,336550
2011-12-01,330000
2012-01-01,330000
2012-02-01,335000
2012-03-01,328000
2012-04-01,325000
2012-05-01,340000
2012-06-01,333000
2012-07-01,340000
2012-08-01,346500
2012-09-01,338000
2012-10-01,345000
2012-11-01,350000
2012-12-01,359000
2013-01-01,349000
2013-02-01,360000
2013-03-01,360000
2013-04-01,356000
2013-05-01,367000
2013-06-01,369000
2013-07-01,365000
2013-08-01,367858
2013-09-01,380000
2013-10-01,385000
2013-11-01,390000
2013-12-01,400000
2014-01-01,380000
2014-02-01,405000
2014-03-01,405000
2014-04-01,399500
2014-05-01,415000
2014-06-01,413000
2014-07-01,408000
2014-08-01,405000
2014-09-01,420000
2014-10-01,417500
2014-11-01,418000
2014-12-01,405000
2015-01-01,402000
2015-02-01,410000
2015-03-01,415000
2015-04-01,425000
2015-05-01,407000
2015-06-01,422000
2015-07-01,420000
2015-08-01,415000
2015-09-01,425000
2015-10-01,421000
2015-11-01,425000
2015-12-01,425000
2016-01-01,425000
2016-02-01,424000
2016-03-01,430000
2016-04-01,430000
2016-05-01,440000
2016-06-01,431000
2016-07-01,430000
2016-08-01,422500
2016-09-01,440000
2016-10-01,430927
2016-11-01,445000
2016-12-01,442000
2017-01-01,425000
2017-02-01,430000
2017-03-01,449000
2017-04-01,445000
2017-05-01,435000
2017-06-01,435000
2017-07-01,420000
2017-08-01,427000
2017-09-01,431500
2017-10-01,450000
2017-11-01,460000
2017-12-01,435000
2018-01-01,435000
2018-02-01,445000
2018-03-01,450000
2018-04-01,441000
2018-05-01,445000
2018-06-01,432500
2018-07-01,430000
2018-08-01,425000
2018-09-01,447500
2018-10-01,465000
2018-11-01,445000
2018-12-01,455000
2019-01-01,430000
2019-02-01,455000
2019-03-01,459000
2019-04-01,450000
2019-05-01,445000
2019-06-01,445000
2019-07-01,446000
2019-08-01,440000
2019-09-01,450000
2019-10-01,465000
2019-11-01,465000
2019-12-01,460000
2020-01-01,465000
2020-02-01,474000
2020-03-01,488000
2020-04-01,464000
2020-05-01,460000
2020-06-01,470000
2020-07-01,477000
2020-08-01,498000
2020-09-01,504000
2020-10-01,510000
2020-11-01,525000
2020-12-01,540000
2021-01-01,507500
2021-02-01,560000
2021-03-01,575000
2021-04-01,566000
2021-05-01,580000
2021-06-01,565000
2021-07-01,597000
2021-08-01,620000
2021-09-01,657500
2021-10-01,665000
2021-11-01,690000
2021-12-01,680000
2022-01-01,650000
2022-02-01,717830
2022-03-01,700000
2022-04-01,680000
2022-05-01,687000
2022-06-01,685000
2022-07-01,675000
2022-08-01,650000
2022-09-01,675000
2022-10-01,659000
2022-11-01,665000
2022-12-01,651000
2023-01-01,642500
2023-02-01,670000
2023-03-01,680000
2023-04-01,665000
2023-05-01,649000
2023-06-01,657000
2023-07-01,665000
2023-08-01,659000
2023-09-01,680000
2023-10-01,680000
2023-11-01,700000
2023-12-01,665000
2024-01-01,646000
2024-02-01,705000
2024-03-01,695000
2024-04-01,670000
2024-05-01,680000
2024-06-01,690000
2024-07-01,650500
2024-08-01,662500
2024-09-01,690000
2024-10-01,700000
2024-11-01,699000
2024-12-01,700000
2025-01-01,677000
2025-02-01,705000
2025-03-01,690000
2025-04-01,695652
2025-05-01,680000
2025-06-01,675000
2025-07-01,677000
2025-08-01,690000
2025-09-01,709000
2025-10-01,708000
2025-11-01,725000
2025-12-01,721000
2026-01-01,700000
2026-02-01,719000
2026-03-01,715000
2026-04-01,705000
2026-05-01,725000
2026-06-01,710000
