Suburb (Internal),Suburb (Datawrapper),2000-01-01,End Date,Price,Rent,Yield,Direct or Calculated,Direct Tool tip,Calculated Tool Tip,Consolidated Tool Tip
Addington,Addington,2000-01-01,6/1/2026,567150,510,4.68%,direct,Addington has a gross yield of 4.68%.,,Addington has a gross yield of 4.68%.
Aidanfield,Aidanfield,2000-01-01,6/1/2026,N/A,N/A,4.18%,calculated,,"The exact yield data for Aidanfield was not available. However, the surrounding suburbs (which had data) produce an average yield of 4.18%.","The exact yield data for Aidanfield was not available. However, the surrounding suburbs (which had data) produce an average yield of 4.18%."
Aranui,Aranui,2000-01-01,6/1/2026,516350,530,5.34%,direct,Aranui has a gross yield of 5.34%.,,Aranui has a gross yield of 5.34%.
Avondale,Avondale,2000-01-01,6/1/2026,598250,620,5.39%,direct,Avondale has a gross yield of 5.39%.,,Avondale has a gross yield of 5.39%.
Avonhead,Avonhead,2000-01-01,6/1/2026,857450,650,3.94%,direct,Avonhead has a gross yield of 3.94%.,,Avonhead has a gross yield of 3.94%.
Avonside,Avonside,2000-01-01,6/1/2026,573700,513,4.65%,direct,Avonside has a gross yield of 4.65%.,,Avonside has a gross yield of 4.65%.
Beckenham,Beckenham,2000-01-01,6/1/2026,913100,665,3.79%,direct,Beckenham has a gross yield of 3.79%.,,Beckenham has a gross yield of 3.79%.
Belfast,Belfast,2000-01-01,6/1/2026,694600,625,4.68%,direct,Belfast has a gross yield of 4.68%.,,Belfast has a gross yield of 4.68%.
Bexley,Bexley,2000-01-01,6/1/2026,N/A,N/A,4.92%,calculated,,"The exact yield data for Bexley was not available. However, the surrounding suburbs (which had data) produce an average yield of 4.92%.","The exact yield data for Bexley was not available. However, the surrounding suburbs (which had data) produce an average yield of 4.92%."
Bishopdale,Bishopdale,2000-01-01,6/1/2026,721600,600,4.32%,direct,Bishopdale has a gross yield of 4.32%.,,Bishopdale has a gross yield of 4.32%.
Bromley,Bromley,2000-01-01,6/1/2026,565150,525,4.83%,direct,Bromley has a gross yield of 4.83%.,,Bromley has a gross yield of 4.83%.
Broomfield,Broomfield,2000-01-01,6/1/2026,722300,600,4.32%,direct,Broomfield has a gross yield of 4.32%.,,Broomfield has a gross yield of 4.32%.
Bryndwr,Bryndwr,2000-01-01,6/1/2026,835250,610,3.80%,direct,Bryndwr has a gross yield of 3.80%.,,Bryndwr has a gross yield of 3.80%.
Burnside,Burnside,2000-01-01,6/1/2026,932650,650,3.62%,direct,Burnside has a gross yield of 3.62%.,,Burnside has a gross yield of 3.62%.
Burwood,Burwood,2000-01-01,6/1/2026,718100,583,4.22%,direct,Burwood has a gross yield of 4.22%.,,Burwood has a gross yield of 4.22%.
Casebrook,Casebrook,2000-01-01,6/1/2026,885450,630,3.70%,direct,Casebrook has a gross yield of 3.70%.,,Casebrook has a gross yield of 3.70%.
Cashmere,Cashmere,2000-01-01,6/1/2026,1144850,695,3.16%,direct,Cashmere has a gross yield of 3.16%.,,Cashmere has a gross yield of 3.16%.
Cass Bay,Cass Bay,2000-01-01,6/1/2026,N/A,N/A,3.82%,calculated,,"The exact yield data for Cass Bay was not available. However, the surrounding suburbs (which had data) produce an average yield of 3.82%.","The exact yield data for Cass Bay was not available. However, the surrounding suburbs (which had data) produce an average yield of 3.82%."
Christchurch Airport,Christchurch Airport,2000-01-01,6/1/2026,N/A,N/A,3.63%,calculated,,"The exact yield data for Christchurch Airport was not available. However, the surrounding suburbs (which had data) produce an average yield of 3.63%.","The exact yield data for Christchurch Airport was not available. However, the surrounding suburbs (which had data) produce an average yield of 3.63%."
Christchurch Central,Christchurch Central,2000-01-01,6/1/2026,657600,500,3.95%,direct,Christchurch Central has a gross yield of 3.95%.,,Christchurch Central has a gross yield of 3.95%.
Clifton,Clifton,2000-01-01,6/1/2026,1431550,760,2.76%,direct,Clifton has a gross yield of 2.76%.,,Clifton has a gross yield of 2.76%.
Cracroft,Cracroft,2000-01-01,6/1/2026,1244350,680,2.84%,direct,Cracroft has a gross yield of 2.84%.,,Cracroft has a gross yield of 2.84%.
Dallington,Dallington,2000-01-01,6/1/2026,610800,530,4.51%,direct,Dallington has a gross yield of 4.51%.,,Dallington has a gross yield of 4.51%.
Edgeware,Edgeware,2000-01-01,6/1/2026,561950,519,4.80%,direct,Edgeware has a gross yield of 4.80%.,,Edgeware has a gross yield of 4.80%.
Fendalton,Fendalton,2000-01-01,6/1/2026,1764000,770,2.27%,direct,Fendalton has a gross yield of 2.27%.,,Fendalton has a gross yield of 2.27%.
Ferrymead,Ferrymead,2000-01-01,6/1/2026,N/A,N/A,3.82%,calculated,,"The exact yield data for Ferrymead was not available. However, the surrounding suburbs (which had data) produce an average yield of 3.82%.","The exact yield data for Ferrymead was not available. However, the surrounding suburbs (which had data) produce an average yield of 3.82%."
Halswell,Halswell,2000-01-01,6/1/2026,872400,688,4.10%,direct,Halswell has a gross yield of 4.10%.,,Halswell has a gross yield of 4.10%.
Harewood,Harewood,2000-01-01,6/1/2026,1018500,650,3.32%,direct,Harewood has a gross yield of 3.32%.,,Harewood has a gross yield of 3.32%.
Heathcote Valley,Heathcote Valley,2000-01-01,6/1/2026,838050,615,3.82%,direct,Heathcote Valley has a gross yield of 3.82%.,,Heathcote Valley has a gross yield of 3.82%.
Hei Hei,Hei Hei,2000-01-01,6/1/2026,655900,580,4.60%,direct,Hei Hei has a gross yield of 4.60%.,,Hei Hei has a gross yield of 4.60%.
Hillmorton,Hillmorton,2000-01-01,6/1/2026,726500,573,4.10%,direct,Hillmorton has a gross yield of 4.10%.,,Hillmorton has a gross yield of 4.10%.
Hillsborough,Hillsborough,2000-01-01,6/1/2026,849150,595,3.64%,direct,Hillsborough has a gross yield of 3.64%.,,Hillsborough has a gross yield of 3.64%.
Hoon Hay,Hoon Hay,2000-01-01,6/1/2026,694700,620,4.64%,direct,Hoon Hay has a gross yield of 4.64%.,,Hoon Hay has a gross yield of 4.64%.
Hornby,Hornby,2000-01-01,6/1/2026,682900,580,4.42%,direct,Hornby has a gross yield of 4.42%.,,Hornby has a gross yield of 4.42%.
Hornby South,Hornby South,2000-01-01,6/1/2026,N/A,N/A,4.09%,calculated,,"The exact yield data for Hornby South was not available. However, the surrounding suburbs (which had data) produce an average yield of 4.09%.","The exact yield data for Hornby South was not available. However, the surrounding suburbs (which had data) produce an average yield of 4.09%."
Huntsbury,Huntsbury,2000-01-01,6/1/2026,1170100,553,2.46%,direct,Huntsbury has a gross yield of 2.46%.,,Huntsbury has a gross yield of 2.46%.
Ilam,Ilam,2000-01-01,6/1/2026,981750,740,3.92%,direct,Ilam has a gross yield of 3.92%.,,Ilam has a gross yield of 3.92%.
Islington,Islington,2000-01-01,6/1/2026,617400,550,4.63%,direct,Islington has a gross yield of 4.63%.,,Islington has a gross yield of 4.63%.
Kennedys Bush,Kennedys Bush,2000-01-01,6/1/2026,N/A,N/A,3.30%,calculated,,"The exact yield data for Kennedys Bush was not available. However, the surrounding suburbs (which had data) produce an average yield of 3.30%.","The exact yield data for Kennedys Bush was not available. However, the surrounding suburbs (which had data) produce an average yield of 3.30%."
Linwood,Linwood,2000-01-01,6/1/2026,509500,480,4.90%,direct,Linwood has a gross yield of 4.90%.,,Linwood has a gross yield of 4.90%.
Lyttelton,Lyttelton,2000-01-01,6/1/2026,791000,610,4.01%,direct,Lyttelton has a gross yield of 4.01%.,,Lyttelton has a gross yield of 4.01%.
Mairehau,Mairehau,2000-01-01,6/1/2026,669950,580,4.50%,direct,Mairehau has a gross yield of 4.50%.,,Mairehau has a gross yield of 4.50%.
Marshland,Marshland,2000-01-01,6/1/2026,1028500,730,3.69%,direct,Marshland has a gross yield of 3.69%.,,Marshland has a gross yield of 3.69%.
Merivale,Merivale,2000-01-01,6/1/2026,1530900,580,1.97%,direct,Merivale has a gross yield of 1.97%.,,Merivale has a gross yield of 1.97%.
Middleton,Middleton,2000-01-01,6/1/2026,N/A,N/A,4.34%,calculated,,"The exact yield data for Middleton was not available. However, the surrounding suburbs (which had data) produce an average yield of 4.34%.","The exact yield data for Middleton was not available. However, the surrounding suburbs (which had data) produce an average yield of 4.34%."
Moncks Bay,Moncks Bay,2000-01-01,6/1/2026,1257900,615,2.54%,direct,Moncks Bay has a gross yield of 2.54%.,,Moncks Bay has a gross yield of 2.54%.
Mount Pleasant,Mount Pleasant,2000-01-01,6/1/2026,1202850,695,3.00%,direct,Mount Pleasant has a gross yield of 3.00%.,,Mount Pleasant has a gross yield of 3.00%.
New Brighton,New Brighton,2000-01-01,6/1/2026,585000,520,4.62%,direct,New Brighton has a gross yield of 4.62%.,,New Brighton has a gross yield of 4.62%.
North New Brighton,North New Brighton,2000-01-01,6/1/2026,626300,570,4.73%,direct,North New Brighton has a gross yield of 4.73%.,,North New Brighton has a gross yield of 4.73%.
Northcote,Northcote,2000-01-01,6/1/2026,608650,550,4.70%,direct,Northcote has a gross yield of 4.70%.,,Northcote has a gross yield of 4.70%.
Northwood,Northwood,2000-01-01,6/1/2026,1038700,600,3.00%,direct,Northwood has a gross yield of 3.00%.,,Northwood has a gross yield of 3.00%.
Opawa,Opawa,2000-01-01,6/1/2026,806900,550,3.54%,direct,Opawa has a gross yield of 3.54%.,,Opawa has a gross yield of 3.54%.
Papanui,Papanui,2000-01-01,6/1/2026,786950,590,3.90%,direct,Papanui has a gross yield of 3.90%.,,Papanui has a gross yield of 3.90%.
Parklands,Parklands,2000-01-01,6/1/2026,777250,640,4.28%,direct,Parklands has a gross yield of 4.28%.,,Parklands has a gross yield of 4.28%.
Phillipstown,Phillipstown,2000-01-01,6/1/2026,462800,490,5.51%,direct,Phillipstown has a gross yield of 5.51%.,,Phillipstown has a gross yield of 5.51%.
Prebbleton,Prebbleton,2000-01-01,6/1/2026,1245950,700,2.92%,direct,Prebbleton has a gross yield of 2.92%.,,Prebbleton has a gross yield of 2.92%.
Redcliffs,Redcliffs,2000-01-01,6/1/2026,1253000,663,2.75%,direct,Redcliffs has a gross yield of 2.75%.,,Redcliffs has a gross yield of 2.75%.
Redwood,Redwood,2000-01-01,6/1/2026,699200,600,4.46%,direct,Redwood has a gross yield of 4.46%.,,Redwood has a gross yield of 4.46%.
Riccarton,Riccarton,2000-01-01,6/1/2026,749050,580,4.03%,direct,Riccarton has a gross yield of 4.03%.,,Riccarton has a gross yield of 4.03%.
Richmond,Richmond,2000-01-01,6/1/2026,582550,500,4.46%,direct,Richmond has a gross yield of 4.46%.,,Richmond has a gross yield of 4.46%.
Richmond Hill,Richmond Hill,2000-01-01,6/1/2026,N/A,N/A,2.66%,calculated,,"The exact yield data for Richmond Hill was not available. However, the surrounding suburbs (which had data) produce an average yield of 2.66%.","The exact yield data for Richmond Hill was not available. However, the surrounding suburbs (which had data) produce an average yield of 2.66%."
Russley,Russley,2000-01-01,6/1/2026,739450,598,4.21%,direct,Russley has a gross yield of 4.21%.,,Russley has a gross yield of 4.21%.
Saint Albans,St Albans,2000-01-01,6/1/2026,N/A,N/A,3.57%,calculated,,"The exact yield data for Saint Albans was not available. However, the surrounding suburbs (which had data) produce an average yield of 3.57%.","The exact yield data for Saint Albans was not available. However, the surrounding suburbs (which had data) produce an average yield of 3.57%."
Saint Martins,Saint Martins,2000-01-01,6/1/2026,787150,585,3.86%,direct,Saint Martins has a gross yield of 3.86%.,,Saint Martins has a gross yield of 3.86%.
Scarborough,Scarborough,2000-01-01,6/1/2026,1959550,850,2.26%,direct,Scarborough has a gross yield of 2.26%.,,Scarborough has a gross yield of 2.26%.
Shirley,Shirley,2000-01-01,6/1/2026,671950,550,4.26%,direct,Shirley has a gross yield of 4.26%.,,Shirley has a gross yield of 4.26%.
Sockburn,Sockburn,2000-01-01,6/1/2026,643600,600,4.85%,direct,Sockburn has a gross yield of 4.85%.,,Sockburn has a gross yield of 4.85%.
Somerfield,Somerfield,2000-01-01,6/1/2026,764100,560,3.81%,direct,Somerfield has a gross yield of 3.81%.,,Somerfield has a gross yield of 3.81%.
South New Brighton,South New Brighton,2000-01-01,6/1/2026,639750,600,4.88%,direct,South New Brighton has a gross yield of 4.88%.,,South New Brighton has a gross yield of 4.88%.
Southshore,Southshore,2000-01-01,6/1/2026,740400,580,4.07%,direct,Southshore has a gross yield of 4.07%.,,Southshore has a gross yield of 4.07%.
Spreydon,Spreydon,2000-01-01,6/1/2026,637950,550,4.48%,direct,Spreydon has a gross yield of 4.48%.,,Spreydon has a gross yield of 4.48%.
Strowan,Strowan,2000-01-01,6/1/2026,1356300,600,2.30%,direct,Strowan has a gross yield of 2.30%.,,Strowan has a gross yield of 2.30%.
Sumner,Sumner,2000-01-01,6/1/2026,1221400,625,2.66%,direct,Sumner has a gross yield of 2.66%.,,Sumner has a gross yield of 2.66%.
Sydenham,Sydenham,2000-01-01,6/1/2026,580000,520,4.66%,direct,Sydenham has a gross yield of 4.66%.,,Sydenham has a gross yield of 4.66%.
Templeton,Templeton,2000-01-01,6/1/2026,696750,590,4.40%,direct,Templeton has a gross yield of 4.40%.,,Templeton has a gross yield of 4.40%.
Upper Riccarton,Upper Riccarton,2000-01-01,6/1/2026,727950,630,4.50%,direct,Upper Riccarton has a gross yield of 4.50%.,,Upper Riccarton has a gross yield of 4.50%.
Waimairi Beach,Waimairi Beach,2000-01-01,6/1/2026,980350,750,3.98%,direct,Waimairi Beach has a gross yield of 3.98%.,,Waimairi Beach has a gross yield of 3.98%.
Wainoni,Wainoni,2000-01-01,6/1/2026,538500,570,5.50%,direct,Wainoni has a gross yield of 5.50%.,,Wainoni has a gross yield of 5.50%.
Waltham,Waltham,2000-01-01,6/1/2026,517400,495,4.97%,direct,Waltham has a gross yield of 4.97%.,,Waltham has a gross yield of 4.97%.
Westmorland,Westmorland,2000-01-01,6/1/2026,1178800,700,3.09%,direct,Westmorland has a gross yield of 3.09%.,,Westmorland has a gross yield of 3.09%.
Wigram,Wigram,2000-01-01,6/1/2026,875600,650,3.86%,direct,Wigram has a gross yield of 3.86%.,,Wigram has a gross yield of 3.86%.
Woolston,Woolston,2000-01-01,6/1/2026,N/A,N/A,4.57%,calculated,,"The exact yield data for Woolston was not available. However, the surrounding suburbs (which had data) produce an average yield of 4.57%.","The exact yield data for Woolston was not available. However, the surrounding suburbs (which had data) produce an average yield of 4.57%."
Yaldhurst,Yaldhurst,2000-01-01,6/1/2026,N/A,N/A,4.35%,calculated,,"The exact yield data for Yaldhurst was not available. However, the surrounding suburbs (which had data) produce an average yield of 4.35%.","The exact yield data for Yaldhurst was not available. However, the surrounding suburbs (which had data) produce an average yield of 4.35%."