Suburb (Internal),Suburb (Datawrapper),2000-01-01,End Date,Capital growth rate,Direct or Calculated,Direct Tool tip,Calculated Tool Tip,Consolidated Tool Tip
Addington,Addington,2000-01-01,6/1/2026,6.08%,direct,"Between January 2000 and June 2026, Addington achieved a capital growth of 6.08%.",,"Between January 2000 and June 2026, Addington achieved a capital growth of 6.08%."
Aidanfield,Aidanfield,2000-01-01,6/1/2026,5.70%,calculated,,"The exact capital growth data for Aidanfield was not available. However, between January 2000 and June 2026 the surrounding suburbs (which had data) increased by an average of 5.70%.","The exact capital growth data for Aidanfield was not available. However, between January 2000 and June 2026 the surrounding suburbs (which had data) increased by an average of 5.70%."
Aranui,Aranui,2000-01-01,6/1/2026,6.34%,direct,"Between January 2000 and June 2026, Aranui achieved a capital growth of 6.34%.",,"Between January 2000 and June 2026, Aranui achieved a capital growth of 6.34%."
Avondale,Avondale,2000-01-01,6/1/2026,5.35%,direct,"Between January 2000 and June 2026, Avondale achieved a capital growth of 5.35%.",,"Between January 2000 and June 2026, Avondale achieved a capital growth of 5.35%."
Avonhead,Avonhead,2000-01-01,6/1/2026,5.23%,direct,"Between January 2000 and June 2026, Avonhead achieved a capital growth of 5.23%.",,"Between January 2000 and June 2026, Avonhead achieved a capital growth of 5.23%."
Avonside,Avonside,2000-01-01,6/1/2026,5.91%,direct,"Between January 2000 and June 2026, Avonside achieved a capital growth of 5.91%.",,"Between January 2000 and June 2026, Avonside achieved a capital growth of 5.91%."
Beckenham,Beckenham,2000-01-01,6/1/2026,6.18%,direct,"Between January 2000 and June 2026, Beckenham achieved a capital growth of 6.18%.",,"Between January 2000 and June 2026, Beckenham achieved a capital growth of 6.18%."
Belfast,Belfast,2000-01-01,6/1/2026,5.71%,direct,"Between January 2000 and June 2026, Belfast achieved a capital growth of 5.71%.",,"Between January 2000 and June 2026, Belfast achieved a capital growth of 5.71%."
Bexley,Bexley,2000-01-01,6/1/2026,5.99%,calculated,,"The exact capital growth data for Bexley was not available. However, between January 2000 and June 2026 the surrounding suburbs (which had data) increased by an average of 5.99%.","The exact capital growth data for Bexley was not available. However, between January 2000 and June 2026 the surrounding suburbs (which had data) increased by an average of 5.99%."
Bishopdale,Bishopdale,2000-01-01,6/1/2026,5.76%,direct,"Between January 2000 and June 2026, Bishopdale achieved a capital growth of 5.76%.",,"Between January 2000 and June 2026, Bishopdale achieved a capital growth of 5.76%."
Bromley,Bromley,2000-01-01,6/1/2026,5.94%,direct,"Between January 2000 and June 2026, Bromley achieved a capital growth of 5.94%.",,"Between January 2000 and June 2026, Bromley achieved a capital growth of 5.94%."
Broomfield,Broomfield,2000-01-01,6/1/2026,5.57%,direct,"Between January 2000 and June 2026, Broomfield achieved a capital growth of 5.57%.",,"Between January 2000 and June 2026, Broomfield achieved a capital growth of 5.57%."
Bryndwr,Bryndwr,2000-01-01,6/1/2026,6.11%,direct,"Between January 2000 and June 2026, Bryndwr achieved a capital growth of 6.11%.",,"Between January 2000 and June 2026, Bryndwr achieved a capital growth of 6.11%."
Burnside,Burnside,2000-01-01,6/1/2026,5.54%,direct,"Between January 2000 and June 2026, Burnside achieved a capital growth of 5.54%.",,"Between January 2000 and June 2026, Burnside achieved a capital growth of 5.54%."
Burwood,Burwood,2000-01-01,6/1/2026,5.49%,direct,"Between January 2000 and June 2026, Burwood achieved a capital growth of 5.49%.",,"Between January 2000 and June 2026, Burwood achieved a capital growth of 5.49%."
Casebrook,Casebrook,2000-01-01,6/1/2026,5.77%,direct,"Between January 2000 and June 2026, Casebrook achieved a capital growth of 5.77%.",,"Between January 2000 and June 2026, Casebrook achieved a capital growth of 5.77%."
Cashmere,Cashmere,2000-01-01,6/1/2026,5.29%,direct,"Between January 2000 and June 2026, Cashmere achieved a capital growth of 5.29%.",,"Between January 2000 and June 2026, Cashmere achieved a capital growth of 5.29%."
Cass Bay,Cass Bay,2000-01-01,6/1/2026,5.74%,calculated,,"The exact capital growth data for Cass Bay was not available. However, between January 2000 and June 2026 the surrounding suburbs (which had data) increased by an average of 5.74%.","The exact capital growth data for Cass Bay was not available. However, between January 2000 and June 2026 the surrounding suburbs (which had data) increased by an average of 5.74%."
Christchurch Airport,Christchurch Airport,2000-01-01,6/1/2026,5.35%,calculated,,"The exact capital growth data for Christchurch Airport was not available. However, between January 2000 and June 2026 the surrounding suburbs (which had data) increased by an average of 5.35%.","The exact capital growth data for Christchurch Airport was not available. However, between January 2000 and June 2026 the surrounding suburbs (which had data) increased by an average of 5.35%."
Christchurch Central,Christchurch Central,2000-01-01,6/1/2026,4.89%,direct,"Between January 2000 and June 2026, Christchurch Central achieved a capital growth of 4.89%.",,"Between January 2000 and June 2026, Christchurch Central achieved a capital growth of 4.89%."
Clifton,Clifton,2000-01-01,6/1/2026,5.76%,direct,"Between January 2000 and June 2026, Clifton achieved a capital growth of 5.76%.",,"Between January 2000 and June 2026, Clifton achieved a capital growth of 5.76%."
Cracroft,Cracroft,2000-01-01,6/1/2026,5.42%,calculated,,"The exact capital growth data for Cracroft was not available. However, between January 2000 and June 2026 the surrounding suburbs (which had data) increased by an average of 5.42%.","The exact capital growth data for Cracroft was not available. However, between January 2000 and June 2026 the surrounding suburbs (which had data) increased by an average of 5.42%."
Dallington,Dallington,2000-01-01,6/1/2026,5.41%,direct,"Between January 2000 and June 2026, Dallington achieved a capital growth of 5.41%.",,"Between January 2000 and June 2026, Dallington achieved a capital growth of 5.41%."
Edgeware,Edgeware,2000-01-01,6/1/2026,5.79%,direct,"Between January 2000 and June 2026, Edgeware achieved a capital growth of 5.79%.",,"Between January 2000 and June 2026, Edgeware achieved a capital growth of 5.79%."
Fendalton,Fendalton,2000-01-01,6/1/2026,6.11%,direct,"Between January 2000 and June 2026, Fendalton achieved a capital growth of 6.11%.",,"Between January 2000 and June 2026, Fendalton achieved a capital growth of 6.11%."
Ferrymead,Ferrymead,2000-01-01,6/1/2026,5.73%,calculated,,"The exact capital growth data for Ferrymead was not available. However, between January 2000 and June 2026 the surrounding suburbs (which had data) increased by an average of 5.73%.","The exact capital growth data for Ferrymead was not available. However, between January 2000 and June 2026 the surrounding suburbs (which had data) increased by an average of 5.73%."
Halswell,Halswell,2000-01-01,6/1/2026,5.36%,direct,"Between January 2000 and June 2026, Halswell achieved a capital growth of 5.36%.",,"Between January 2000 and June 2026, Halswell achieved a capital growth of 5.36%."
Harewood,Harewood,2000-01-01,6/1/2026,5.29%,direct,"Between January 2000 and June 2026, Harewood achieved a capital growth of 5.29%.",,"Between January 2000 and June 2026, Harewood achieved a capital growth of 5.29%."
Heathcote Valley,Heathcote Valley,2000-01-01,6/1/2026,5.87%,direct,"Between January 2000 and June 2026, Heathcote Valley achieved a capital growth of 5.87%.",,"Between January 2000 and June 2026, Heathcote Valley achieved a capital growth of 5.87%."
Hei Hei,Hei Hei,2000-01-01,6/1/2026,6.03%,direct,"Between January 2000 and June 2026, Hei Hei achieved a capital growth of 6.03%.",,"Between January 2000 and June 2026, Hei Hei achieved a capital growth of 6.03%."
Hillmorton,Hillmorton,2000-01-01,6/1/2026,5.84%,direct,"Between January 2000 and June 2026, Hillmorton achieved a capital growth of 5.84%.",,"Between January 2000 and June 2026, Hillmorton achieved a capital growth of 5.84%."
Hillsborough,Hillsborough,2000-01-01,6/1/2026,5.62%,direct,"Between January 2000 and June 2026, Hillsborough achieved a capital growth of 5.62%.",,"Between January 2000 and June 2026, Hillsborough achieved a capital growth of 5.62%."
Hoon Hay,Hoon Hay,2000-01-01,6/1/2026,5.92%,direct,"Between January 2000 and June 2026, Hoon Hay achieved a capital growth of 5.92%.",,"Between January 2000 and June 2026, Hoon Hay achieved a capital growth of 5.92%."
Hornby,Hornby,2000-01-01,6/1/2026,6.17%,direct,"Between January 2000 and June 2026, Hornby achieved a capital growth of 6.17%.",,"Between January 2000 and June 2026, Hornby achieved a capital growth of 6.17%."
Hornby South,Hornby South,2000-01-01,6/1/2026,5.72%,calculated,,"The exact capital growth data for Hornby South was not available. However, between January 2000 and June 2026 the surrounding suburbs (which had data) increased by an average of 5.72%.","The exact capital growth data for Hornby South was not available. However, between January 2000 and June 2026 the surrounding suburbs (which had data) increased by an average of 5.72%."
Huntsbury,Huntsbury,2000-01-01,6/1/2026,5.26%,direct,"Between January 2000 and June 2026, Huntsbury achieved a capital growth of 5.26%.",,"Between January 2000 and June 2026, Huntsbury achieved a capital growth of 5.26%."
Ilam,Ilam,2000-01-01,6/1/2026,5.39%,direct,"Between January 2000 and June 2026, Ilam achieved a capital growth of 5.39%.",,"Between January 2000 and June 2026, Ilam achieved a capital growth of 5.39%."
Islington,Islington,2000-01-01,6/1/2026,6.06%,direct,"Between January 2000 and June 2026, Islington achieved a capital growth of 6.06%.",,"Between January 2000 and June 2026, Islington achieved a capital growth of 6.06%."
Kennedys Bush,Kennedys Bush,2000-01-01,6/1/2026,5.24%,calculated,,"The exact capital growth data for Kennedys Bush was not available. However, between January 2000 and June 2026 the surrounding suburbs (which had data) increased by an average of 5.24%.","The exact capital growth data for Kennedys Bush was not available. However, between January 2000 and June 2026 the surrounding suburbs (which had data) increased by an average of 5.24%."
Linwood,Linwood,2000-01-01,6/1/2026,5.67%,direct,"Between January 2000 and June 2026, Linwood achieved a capital growth of 5.67%.",,"Between January 2000 and June 2026, Linwood achieved a capital growth of 5.67%."
Lyttelton,Lyttelton,2000-01-01,6/1/2026,5.73%,direct,"Between January 2000 and June 2026, Lyttelton achieved a capital growth of 5.73%.",,"Between January 2000 and June 2026, Lyttelton achieved a capital growth of 5.73%."
Mairehau,Mairehau,2000-01-01,6/1/2026,6.01%,direct,"Between January 2000 and June 2026, Mairehau achieved a capital growth of 6.01%.",,"Between January 2000 and June 2026, Mairehau achieved a capital growth of 6.01%."
Marshland,Marshland,2000-01-01,6/1/2026,5.58%,calculated,,"The exact capital growth data for Marshland was not available. However, between January 2000 and June 2026 the surrounding suburbs (which had data) increased by an average of 5.58%.","The exact capital growth data for Marshland was not available. However, between January 2000 and June 2026 the surrounding suburbs (which had data) increased by an average of 5.58%."
Merivale,Merivale,2000-01-01,6/1/2026,6.17%,direct,"Between January 2000 and June 2026, Merivale achieved a capital growth of 6.17%.",,"Between January 2000 and June 2026, Merivale achieved a capital growth of 6.17%."
Middleton,Middleton,2000-01-01,6/1/2026,5.72%,calculated,,"The exact capital growth data for Middleton was not available. However, between January 2000 and June 2026 the surrounding suburbs (which had data) increased by an average of 5.72%.","The exact capital growth data for Middleton was not available. However, between January 2000 and June 2026 the surrounding suburbs (which had data) increased by an average of 5.72%."
Moncks Bay,Moncks Bay,2000-01-01,6/1/2026,5.75%,direct,"Between January 2000 and June 2026, Moncks Bay achieved a capital growth of 5.75%.",,"Between January 2000 and June 2026, Moncks Bay achieved a capital growth of 5.75%."
Mount Pleasant,Mount Pleasant,2000-01-01,6/1/2026,5.47%,direct,"Between January 2000 and June 2026, Mount Pleasant achieved a capital growth of 5.47%.",,"Between January 2000 and June 2026, Mount Pleasant achieved a capital growth of 5.47%."
New Brighton,New Brighton,2000-01-01,6/1/2026,5.81%,direct,"Between January 2000 and June 2026, New Brighton achieved a capital growth of 5.81%.",,"Between January 2000 and June 2026, New Brighton achieved a capital growth of 5.81%."
North New Brighton,North New Brighton,2000-01-01,6/1/2026,6.05%,direct,"Between January 2000 and June 2026, North New Brighton achieved a capital growth of 6.05%.",,"Between January 2000 and June 2026, North New Brighton achieved a capital growth of 6.05%."
Northcote,Northcote,2000-01-01,6/1/2026,6.02%,direct,"Between January 2000 and June 2026, Northcote achieved a capital growth of 6.02%.",,"Between January 2000 and June 2026, Northcote achieved a capital growth of 6.02%."
Northwood,Northwood,2000-01-01,6/1/2026,5.57%,calculated,,"The exact capital growth data for Northwood was not available. However, between January 2000 and June 2026 the surrounding suburbs (which had data) increased by an average of 5.57%.","The exact capital growth data for Northwood was not available. However, between January 2000 and June 2026 the surrounding suburbs (which had data) increased by an average of 5.57%."
Opawa,Opawa,2000-01-01,6/1/2026,5.55%,direct,"Between January 2000 and June 2026, Opawa achieved a capital growth of 5.55%.",,"Between January 2000 and June 2026, Opawa achieved a capital growth of 5.55%."
Papanui,Papanui,2000-01-01,6/1/2026,5.99%,direct,"Between January 2000 and June 2026, Papanui achieved a capital growth of 5.99%.",,"Between January 2000 and June 2026, Papanui achieved a capital growth of 5.99%."
Parklands,Parklands,2000-01-01,6/1/2026,5.29%,direct,"Between January 2000 and June 2026, Parklands achieved a capital growth of 5.29%.",,"Between January 2000 and June 2026, Parklands achieved a capital growth of 5.29%."
Phillipstown,Phillipstown,2000-01-01,6/1/2026,5.95%,direct,"Between January 2000 and June 2026, Phillipstown achieved a capital growth of 5.95%.",,"Between January 2000 and June 2026, Phillipstown achieved a capital growth of 5.95%."
Prebbleton,Prebbleton,2000-01-01,6/1/2026,5.33%,calculated,,"The exact capital growth data for Prebbleton was not available. However, between January 2000 and June 2026 the surrounding suburbs (which had data) increased by an average of 5.33%.","The exact capital growth data for Prebbleton was not available. However, between January 2000 and June 2026 the surrounding suburbs (which had data) increased by an average of 5.33%."
Redcliffs,Redcliffs,2000-01-01,6/1/2026,5.50%,direct,"Between January 2000 and June 2026, Redcliffs achieved a capital growth of 5.50%.",,"Between January 2000 and June 2026, Redcliffs achieved a capital growth of 5.50%."
Redwood,Redwood,2000-01-01,6/1/2026,5.49%,direct,"Between January 2000 and June 2026, Redwood achieved a capital growth of 5.49%.",,"Between January 2000 and June 2026, Redwood achieved a capital growth of 5.49%."
Riccarton,Riccarton,2000-01-01,6/1/2026,5.45%,direct,"Between January 2000 and June 2026, Riccarton achieved a capital growth of 5.45%.",,"Between January 2000 and June 2026, Riccarton achieved a capital growth of 5.45%."
Richmond,Richmond,2000-01-01,6/1/2026,5.57%,direct,"Between January 2000 and June 2026, Richmond achieved a capital growth of 5.57%.",,"Between January 2000 and June 2026, Richmond achieved a capital growth of 5.57%."
Richmond Hill,Richmond Hill,2000-01-01,6/1/2026,6.38%,calculated,,"The exact capital growth data for Richmond Hill was not available. However, between January 2000 and June 2026 the surrounding suburbs (which had data) increased by an average of 6.38%.","The exact capital growth data for Richmond Hill was not available. However, between January 2000 and June 2026 the surrounding suburbs (which had data) increased by an average of 6.38%."
Russley,Russley,2000-01-01,6/1/2026,5.41%,direct,"Between January 2000 and June 2026, Russley achieved a capital growth of 5.41%.",,"Between January 2000 and June 2026, Russley achieved a capital growth of 5.41%."
Saint Albans,St Albans,2000-01-01,6/1/2026,5.99%,direct,"Between January 2000 and June 2026, Saint Albans achieved a capital growth of 5.99%.",,"Between January 2000 and June 2026, Saint Albans achieved a capital growth of 5.99%."
Saint Martins,Saint Martins,2000-01-01,6/1/2026,5.73%,direct,"Between January 2000 and June 2026, Saint Martins achieved a capital growth of 5.73%.",,"Between January 2000 and June 2026, Saint Martins achieved a capital growth of 5.73%."
Scarborough,Scarborough,2000-01-01,6/1/2026,6.38%,calculated,,"The exact capital growth data for Scarborough was not available. However, between January 2000 and June 2026 the surrounding suburbs (which had data) increased by an average of 6.38%.","The exact capital growth data for Scarborough was not available. However, between January 2000 and June 2026 the surrounding suburbs (which had data) increased by an average of 6.38%."
Shirley,Shirley,2000-01-01,6/1/2026,5.51%,direct,"Between January 2000 and June 2026, Shirley achieved a capital growth of 5.51%.",,"Between January 2000 and June 2026, Shirley achieved a capital growth of 5.51%."
Sockburn,Sockburn,2000-01-01,6/1/2026,5.52%,direct,"Between January 2000 and June 2026, Sockburn achieved a capital growth of 5.52%.",,"Between January 2000 and June 2026, Sockburn achieved a capital growth of 5.52%."
Somerfield,Somerfield,2000-01-01,6/1/2026,5.99%,direct,"Between January 2000 and June 2026, Somerfield achieved a capital growth of 5.99%.",,"Between January 2000 and June 2026, Somerfield achieved a capital growth of 5.99%."
South New Brighton,South New Brighton,2000-01-01,6/1/2026,5.85%,direct,"Between January 2000 and June 2026, South New Brighton achieved a capital growth of 5.85%.",,"Between January 2000 and June 2026, South New Brighton achieved a capital growth of 5.85%."
Southshore,Southshore,2000-01-01,6/1/2026,5.37%,direct,"Between January 2000 and June 2026, Southshore achieved a capital growth of 5.37%.",,"Between January 2000 and June 2026, Southshore achieved a capital growth of 5.37%."
Spreydon,Spreydon,2000-01-01,6/1/2026,5.91%,direct,"Between January 2000 and June 2026, Spreydon achieved a capital growth of 5.91%.",,"Between January 2000 and June 2026, Spreydon achieved a capital growth of 5.91%."
Strowan,Strowan,2000-01-01,6/1/2026,6.47%,direct,"Between January 2000 and June 2026, Strowan achieved a capital growth of 6.47%.",,"Between January 2000 and June 2026, Strowan achieved a capital growth of 6.47%."
Sumner,Sumner,2000-01-01,6/1/2026,6.38%,direct,"Between January 2000 and June 2026, Sumner achieved a capital growth of 6.38%.",,"Between January 2000 and June 2026, Sumner achieved a capital growth of 6.38%."
Sydenham,Sydenham,2000-01-01,6/1/2026,6.09%,direct,"Between January 2000 and June 2026, Sydenham achieved a capital growth of 6.09%.",,"Between January 2000 and June 2026, Sydenham achieved a capital growth of 6.09%."
Templeton,Templeton,2000-01-01,6/1/2026,5.30%,direct,"Between January 2000 and June 2026, Templeton achieved a capital growth of 5.30%.",,"Between January 2000 and June 2026, Templeton achieved a capital growth of 5.30%."
Upper Riccarton,Upper Riccarton,2000-01-01,6/1/2026,5.70%,direct,"Between January 2000 and June 2026, Upper Riccarton achieved a capital growth of 5.70%.",,"Between January 2000 and June 2026, Upper Riccarton achieved a capital growth of 5.70%."
Waimairi Beach,Waimairi Beach,2000-01-01,6/1/2026,5.30%,direct,"Between January 2000 and June 2026, Waimairi Beach achieved a capital growth of 5.30%.",,"Between January 2000 and June 2026, Waimairi Beach achieved a capital growth of 5.30%."
Wainoni,Wainoni,2000-01-01,6/1/2026,5.75%,direct,"Between January 2000 and June 2026, Wainoni achieved a capital growth of 5.75%.",,"Between January 2000 and June 2026, Wainoni achieved a capital growth of 5.75%."
Waltham,Waltham,2000-01-01,6/1/2026,5.90%,direct,"Between January 2000 and June 2026, Waltham achieved a capital growth of 5.90%.",,"Between January 2000 and June 2026, Waltham achieved a capital growth of 5.90%."
Westmorland,Westmorland,2000-01-01,6/1/2026,5.06%,direct,"Between January 2000 and June 2026, Westmorland achieved a capital growth of 5.06%.",,"Between January 2000 and June 2026, Westmorland achieved a capital growth of 5.06%."
Wigram,Wigram,2000-01-01,6/1/2026,5.72%,calculated,,"The exact capital growth data for Wigram was not available. However, between January 2000 and June 2026 the surrounding suburbs (which had data) increased by an average of 5.72%.","The exact capital growth data for Wigram was not available. However, between January 2000 and June 2026 the surrounding suburbs (which had data) increased by an average of 5.72%."
Woolston,Woolston,2000-01-01,6/1/2026,5.77%,calculated,,"The exact capital growth data for Woolston was not available. However, between January 2000 and June 2026 the surrounding suburbs (which had data) increased by an average of 5.77%.","The exact capital growth data for Woolston was not available. However, between January 2000 and June 2026 the surrounding suburbs (which had data) increased by an average of 5.77%."
Yaldhurst,Yaldhurst,2000-01-01,6/1/2026,5.60%,calculated,,"The exact capital growth data for Yaldhurst was not available. However, between January 2000 and June 2026 the surrounding suburbs (which had data) increased by an average of 5.60%.","The exact capital growth data for Yaldhurst was not available. However, between January 2000 and June 2026 the surrounding suburbs (which had data) increased by an average of 5.60%."