Suburb (Internal),Suburb (Datawrapper),Date Start,Date End,Capital growth rate,Direct or Calculated,Direct Tool tip,Calculated Tool Tip,Consolidated Tool Tip
Alicetown,Alicetown,2000-01-01,2026-06-01,5.32%,direct,"Between January 2000 and June 2026, Alicetown achieved a capital growth of 5.32%.",,"Between January 2000 and June 2026, Alicetown achieved a capital growth of 5.32%."
Aotea,Aotea,2000-01-01,2026-06-01,6.91%,calculated,,"The exact capital growth data for Aotea was not available. However, between January 2000 and June 2026 the surrounding suburbs (which had data) increased by an average of 6.91%.","The exact capital growth data for Aotea was not available. However, between January 2000 and June 2026 the surrounding suburbs (which had data) increased by an average of 6.91%."
Aro Valley,Aro Valley,2000-01-01,2026-06-01,4.89%,direct,"Between January 2000 and June 2026, Aro Valley achieved a capital growth of 4.89%.",,"Between January 2000 and June 2026, Aro Valley achieved a capital growth of 4.89%."
Ascot Park,Ascot Park,2000-01-01,2026-06-01,6.51%,direct,"Between January 2000 and June 2026, Ascot Park achieved a capital growth of 6.51%.",,"Between January 2000 and June 2026, Ascot Park achieved a capital growth of 6.51%."
Avalon,Avalon,2000-01-01,2026-06-01,5.15%,direct,"Between January 2000 and June 2026, Avalon achieved a capital growth of 5.15%.",,"Between January 2000 and June 2026, Avalon achieved a capital growth of 5.15%."
Belmont,Belmont,2000-01-01,2026-06-01,4.94%,direct,"Between January 2000 and June 2026, Belmont achieved a capital growth of 4.94%.",,"Between January 2000 and June 2026, Belmont achieved a capital growth of 4.94%."
Berhampore,Berhampore,2000-01-01,2026-06-01,5.11%,direct,"Between January 2000 and June 2026, Berhampore achieved a capital growth of 5.11%.",,"Between January 2000 and June 2026, Berhampore achieved a capital growth of 5.11%."
Birchville,Birchville,2000-01-01,2026-06-01,,,,"The exact capital growth data for Birchville was not available. However, between January 2000 and June 2026 the surrounding suburbs (which had data) increased by an average of .","The exact capital growth data for Birchville was not available. However, between January 2000 and June 2026 the surrounding suburbs (which had data) increased by an average of ."
Boulcott,Boulcott,2000-01-01,2026-06-01,4.86%,direct,"Between January 2000 and June 2026, Boulcott achieved a capital growth of 4.86%.",,"Between January 2000 and June 2026, Boulcott achieved a capital growth of 4.86%."
Breaker Bay,Breaker Bay,2000-01-01,2026-06-01,4.99%,calculated,,"The exact capital growth data for Breaker Bay was not available. However, between January 2000 and June 2026 the surrounding suburbs (which had data) increased by an average of 4.99%.","The exact capital growth data for Breaker Bay was not available. However, between January 2000 and June 2026 the surrounding suburbs (which had data) increased by an average of 4.99%."
Broadmeadows,Broadmeadows,2000-01-01,2026-06-01,4.77%,direct,"Between January 2000 and June 2026, Broadmeadows achieved a capital growth of 4.77%.",,"Between January 2000 and June 2026, Broadmeadows achieved a capital growth of 4.77%."
Brooklyn,Brooklyn,2000-01-01,2026-06-01,4.99%,direct,"Between January 2000 and June 2026, Brooklyn achieved a capital growth of 4.99%.",,"Between January 2000 and June 2026, Brooklyn achieved a capital growth of 4.99%."
Brown Owl,Brown Owl,2000-01-01,2026-06-01,5.41%,direct,"Between January 2000 and June 2026, Brown Owl achieved a capital growth of 5.41%.",,"Between January 2000 and June 2026, Brown Owl achieved a capital growth of 5.41%."
Camborne,Camborne,2000-01-01,2026-06-01,4.97%,direct,"Between January 2000 and June 2026, Camborne achieved a capital growth of 4.97%.",,"Between January 2000 and June 2026, Camborne achieved a capital growth of 4.97%."
Cannons Creek,Cannons Creek,2000-01-01,2026-06-01,7.92%,direct,"Between January 2000 and June 2026, Cannons Creek achieved a capital growth of 7.92%.",,"Between January 2000 and June 2026, Cannons Creek achieved a capital growth of 7.92%."
Cape Palliser,Cape Palliser,2000-01-01,2026-06-01,,calculated,,"The exact capital growth data for Cape Palliser was not available. However, between January 2000 and June 2026 the surrounding suburbs (which had data) increased by an average of .","The exact capital growth data for Cape Palliser was not available. However, between January 2000 and June 2026 the surrounding suburbs (which had data) increased by an average of ."
Carterton,Carterton,2000-01-01,2026-06-01,6.93%,direct,"Between January 2000 and June 2026, Carterton achieved a capital growth of 6.93%.",,"Between January 2000 and June 2026, Carterton achieved a capital growth of 6.93%."
Castlepoint,Castlepoint,2000-01-01,2026-06-01,,calculated,,"The exact capital growth data for Castlepoint was not available. However, between January 2000 and June 2026 the surrounding suburbs (which had data) increased by an average of .","The exact capital growth data for Castlepoint was not available. However, between January 2000 and June 2026 the surrounding suburbs (which had data) increased by an average of ."
Churton Park,Churton Park,2000-01-01,2026-06-01,4.69%,direct,"Between January 2000 and June 2026, Churton Park achieved a capital growth of 4.69%.",,"Between January 2000 and June 2026, Churton Park achieved a capital growth of 4.69%."
Clouston Park,Clouston Park,2000-01-01,2026-06-01,6.07%,direct,"Between January 2000 and June 2026, Clouston Park achieved a capital growth of 6.07%.",,"Between January 2000 and June 2026, Clouston Park achieved a capital growth of 6.07%."
Crofton Downs,Crofton Downs,2000-01-01,2026-06-01,5.23%,direct,"Between January 2000 and June 2026, Crofton Downs achieved a capital growth of 5.23%.",,"Between January 2000 and June 2026, Crofton Downs achieved a capital growth of 5.23%."
Days Bay,Days Bay,2000-01-01,2026-06-01,5.76%,calculated,,"The exact capital growth data for Days Bay was not available. However, between January 2000 and June 2026 the surrounding suburbs (which had data) increased by an average of 5.76%.","The exact capital growth data for Days Bay was not available. However, between January 2000 and June 2026 the surrounding suburbs (which had data) increased by an average of 5.76%."
Eastbourne,Eastbourne,2000-01-01,2026-06-01,4.47%,direct,"Between January 2000 and June 2026, Eastbourne achieved a capital growth of 4.47%.",,"Between January 2000 and June 2026, Eastbourne achieved a capital growth of 4.47%."
Ebdentown,Ebdentown,2000-01-01,2026-06-01,6.21%,direct,"Between January 2000 and June 2026, Ebdentown achieved a capital growth of 6.21%.",,"Between January 2000 and June 2026, Ebdentown achieved a capital growth of 6.21%."
Elderslea,Elderslea,2000-01-01,2026-06-01,6.04%,direct,"Between January 2000 and June 2026, Elderslea achieved a capital growth of 6.04%.",,"Between January 2000 and June 2026, Elderslea achieved a capital growth of 6.04%."
Elsdon,Elsdon,2000-01-01,2026-06-01,7.09%,direct,"Between January 2000 and June 2026, Elsdon achieved a capital growth of 7.09%.",,"Between January 2000 and June 2026, Elsdon achieved a capital growth of 7.09%."
Epuni,Epuni,2000-01-01,2026-06-01,5.12%,direct,"Between January 2000 and June 2026, Epuni achieved a capital growth of 5.12%.",,"Between January 2000 and June 2026, Epuni achieved a capital growth of 5.12%."
Fairfield,Fairfield,2000-01-01,2026-06-01,5.06%,direct,"Between January 2000 and June 2026, Fairfield achieved a capital growth of 5.06%.",,"Between January 2000 and June 2026, Fairfield achieved a capital growth of 5.06%."
Featherston,Featherston,2000-01-01,2026-06-01,7.42%,direct,"Between January 2000 and June 2026, Featherston achieved a capital growth of 7.42%.",,"Between January 2000 and June 2026, Featherston achieved a capital growth of 7.42%."
Glenside,Glenside,2000-01-01,2026-06-01,5.28%,calculated,,"The exact capital growth data for Glenside was not available. However, between January 2000 and June 2026 the surrounding suburbs (which had data) increased by an average of 5.28%.","The exact capital growth data for Glenside was not available. However, between January 2000 and June 2026 the surrounding suburbs (which had data) increased by an average of 5.28%."
Gracefield,Gracefield,2000-01-01,2026-06-01,6.31%,calculated,,"The exact capital growth data for Gracefield was not available. However, between January 2000 and June 2026 the surrounding suburbs (which had data) increased by an average of 6.31%.","The exact capital growth data for Gracefield was not available. However, between January 2000 and June 2026 the surrounding suburbs (which had data) increased by an average of 6.31%."
Grenada North,Grenada North,2000-01-01,2026-06-01,5.46%,calculated,,"The exact capital growth data for Grenada North was not available. However, between January 2000 and June 2026 the surrounding suburbs (which had data) increased by an average of 5.46%.","The exact capital growth data for Grenada North was not available. However, between January 2000 and June 2026 the surrounding suburbs (which had data) increased by an average of 5.46%."
Grenada Village,Grenada Village,2000-01-01,2026-06-01,5.20%,calculated,,"The exact capital growth data for Grenada Village was not available. However, between January 2000 and June 2026 the surrounding suburbs (which had data) increased by an average of 5.20%.","The exact capital growth data for Grenada Village was not available. However, between January 2000 and June 2026 the surrounding suburbs (which had data) increased by an average of 5.20%."
Greytown,Greytown,2000-01-01,2026-06-01,,calculated,,"The exact capital growth data for Greytown was not available. However, between January 2000 and June 2026 the surrounding suburbs (which had data) increased by an average of .","The exact capital growth data for Greytown was not available. However, between January 2000 and June 2026 the surrounding suburbs (which had data) increased by an average of ."
Harbour View,Harbour View,2000-01-01,2026-06-01,4.92%,direct,"Between January 2000 and June 2026, Harbour View achieved a capital growth of 4.92%.",,"Between January 2000 and June 2026, Harbour View achieved a capital growth of 4.92%."
Hataitai,Hataitai,2000-01-01,2026-06-01,4.76%,direct,"Between January 2000 and June 2026, Hataitai achieved a capital growth of 4.76%.",,"Between January 2000 and June 2026, Hataitai achieved a capital growth of 4.76%."
Heretaunga,Heretaunga,2000-01-01,2026-06-01,,calculated,,"The exact capital growth data for Heretaunga was not available. However, between January 2000 and June 2026 the surrounding suburbs (which had data) increased by an average of .","The exact capital growth data for Heretaunga was not available. However, between January 2000 and June 2026 the surrounding suburbs (which had data) increased by an average of ."
Highbury,Highbury,2000-01-01,2026-06-01,-100.00%,direct,"Between January 2000 and June 2026, Highbury achieved a capital growth of -100.00%.",,"Between January 2000 and June 2026, Highbury achieved a capital growth of -100.00%."
Hongoeka,Hongoeka,2000-01-01,2026-06-01,4.69%,calculated,,"The exact capital growth data for Hongoeka was not available. However, between January 2000 and June 2026 the surrounding suburbs (which had data) increased by an average of 4.69%.","The exact capital growth data for Hongoeka was not available. However, between January 2000 and June 2026 the surrounding suburbs (which had data) increased by an average of 4.69%."
Horokiwi,Horokiwi,2000-01-01,2026-06-01,5.65%,calculated,,"The exact capital growth data for Horokiwi was not available. However, between January 2000 and June 2026 the surrounding suburbs (which had data) increased by an average of 5.65%.","The exact capital growth data for Horokiwi was not available. However, between January 2000 and June 2026 the surrounding suburbs (which had data) increased by an average of 5.65%."
Houghton Bay,Houghton Bay,2000-01-01,2026-06-01,5.32%,direct,"Between January 2000 and June 2026, Houghton Bay achieved a capital growth of 5.32%.",,"Between January 2000 and June 2026, Houghton Bay achieved a capital growth of 5.32%."
Hutt Central,Hutt Central,2000-01-01,2026-06-01,4.25%,direct,"Between January 2000 and June 2026, Hutt Central achieved a capital growth of 4.25%.",,"Between January 2000 and June 2026, Hutt Central achieved a capital growth of 4.25%."
Island Bay,Island Bay,2000-01-01,2026-06-01,5.42%,direct,"Between January 2000 and June 2026, Island Bay achieved a capital growth of 5.42%.",,"Between January 2000 and June 2026, Island Bay achieved a capital growth of 5.42%."
Johnsonville,Johnsonville,2000-01-01,2026-06-01,5.23%,direct,"Between January 2000 and June 2026, Johnsonville achieved a capital growth of 5.23%.",,"Between January 2000 and June 2026, Johnsonville achieved a capital growth of 5.23%."
Kaiwharawhara,Kaiwharawhara,2000-01-01,2026-06-01,4.67%,calculated,,"The exact capital growth data for Kaiwharawhara was not available. However, between January 2000 and June 2026 the surrounding suburbs (which had data) increased by an average of 4.67%.","The exact capital growth data for Kaiwharawhara was not available. However, between January 2000 and June 2026 the surrounding suburbs (which had data) increased by an average of 4.67%."
Karaka Bays,Karaka Bays,2000-01-01,2026-06-01,4.26%,direct,"Between January 2000 and June 2026, Karaka Bays achieved a capital growth of 4.26%.",,"Between January 2000 and June 2026, Karaka Bays achieved a capital growth of 4.26%."
Karori,Karori,2000-01-01,2026-06-01,5.08%,direct,"Between January 2000 and June 2026, Karori achieved a capital growth of 5.08%.",,"Between January 2000 and June 2026, Karori achieved a capital growth of 5.08%."
Kelburn,Kelburn,2000-01-01,2026-06-01,4.18%,direct,"Between January 2000 and June 2026, Kelburn achieved a capital growth of 4.18%.",,"Between January 2000 and June 2026, Kelburn achieved a capital growth of 4.18%."
Kelson,Kelson,2000-01-01,2026-06-01,5.70%,direct,"Between January 2000 and June 2026, Kelson achieved a capital growth of 5.70%.",,"Between January 2000 and June 2026, Kelson achieved a capital growth of 5.70%."
Kenepuru,Kenepuru,2000-01-01,2026-06-01,6.53%,calculated,,"The exact capital growth data for Kenepuru was not available. However, between January 2000 and June 2026 the surrounding suburbs (which had data) increased by an average of 6.53%.","The exact capital growth data for Kenepuru was not available. However, between January 2000 and June 2026 the surrounding suburbs (which had data) increased by an average of 6.53%."
Khandallah,Khandallah,2000-01-01,2026-06-01,4.57%,direct,"Between January 2000 and June 2026, Khandallah achieved a capital growth of 4.57%.",,"Between January 2000 and June 2026, Khandallah achieved a capital growth of 4.57%."
Kilbirnie,Kilbirnie,2000-01-01,2026-06-01,5.27%,direct,"Between January 2000 and June 2026, Kilbirnie achieved a capital growth of 5.27%.",,"Between January 2000 and June 2026, Kilbirnie achieved a capital growth of 5.27%."
Kingston,Kingston,2000-01-01,2026-06-01,5.14%,direct,"Between January 2000 and June 2026, Kingston achieved a capital growth of 5.14%.",,"Between January 2000 and June 2026, Kingston achieved a capital growth of 5.14%."
Korokoro,Korokoro,2000-01-01,2026-06-01,5.73%,direct,"Between January 2000 and June 2026, Korokoro achieved a capital growth of 5.73%.",,"Between January 2000 and June 2026, Korokoro achieved a capital growth of 5.73%."
Kuripuni,Kuripuni,2000-01-01,2026-06-01,6.90%,direct,"Between January 2000 and June 2026, Kuripuni achieved a capital growth of 6.90%.",,"Between January 2000 and June 2026, Kuripuni achieved a capital growth of 6.90%."
Lansdowne,Lansdowne,2000-01-01,2026-06-01,6.38%,direct,"Between January 2000 and June 2026, Lansdowne achieved a capital growth of 6.38%.",,"Between January 2000 and June 2026, Lansdowne achieved a capital growth of 6.38%."
Lowry Bay,Lowry Bay,2000-01-01,2026-06-01,7.04%,calculated,,"The exact capital growth data for Lowry Bay was not available. However, between January 2000 and June 2026 the surrounding suburbs (which had data) increased by an average of 7.04%.","The exact capital growth data for Lowry Bay was not available. However, between January 2000 and June 2026 the surrounding suburbs (which had data) increased by an average of 7.04%."
Lyall Bay,Lyall Bay,2000-01-01,2026-06-01,5.50%,direct,"Between January 2000 and June 2026, Lyall Bay achieved a capital growth of 5.50%.",,"Between January 2000 and June 2026, Lyall Bay achieved a capital growth of 5.50%."
Mahina Bay,Mahina Bay,2000-01-01,2026-06-01,7.04%,calculated,,"The exact capital growth data for Mahina Bay was not available. However, between January 2000 and June 2026 the surrounding suburbs (which had data) increased by an average of 7.04%.","The exact capital growth data for Mahina Bay was not available. However, between January 2000 and June 2026 the surrounding suburbs (which had data) increased by an average of 7.04%."
Manor Park,Manor Park,2000-01-01,2026-06-01,6.01%,calculated,,"The exact capital growth data for Manor Park was not available. However, between January 2000 and June 2026 the surrounding suburbs (which had data) increased by an average of 6.01%.","The exact capital growth data for Manor Park was not available. However, between January 2000 and June 2026 the surrounding suburbs (which had data) increased by an average of 6.01%."
Maoribank,Maoribank,2000-01-01,2026-06-01,6.47%,direct,"Between January 2000 and June 2026, Maoribank achieved a capital growth of 6.47%.",,"Between January 2000 and June 2026, Maoribank achieved a capital growth of 6.47%."
Martinborough,Martinborough,2000-01-01,2026-06-01,,calculated,,"The exact capital growth data for Martinborough was not available. However, between January 2000 and June 2026 the surrounding suburbs (which had data) increased by an average of .","The exact capital growth data for Martinborough was not available. However, between January 2000 and June 2026 the surrounding suburbs (which had data) increased by an average of ."
Masterton,Masterton,2000-01-01,2026-06-01,6.58%,direct,"Between January 2000 and June 2026, Masterton achieved a capital growth of 6.58%.",,"Between January 2000 and June 2026, Masterton achieved a capital growth of 6.58%."
Maungaraki,Maungaraki,2000-01-01,2026-06-01,5.45%,direct,"Between January 2000 and June 2026, Maungaraki achieved a capital growth of 5.45%.",,"Between January 2000 and June 2026, Maungaraki achieved a capital growth of 5.45%."
Maupuia,Maupuia,2000-01-01,2026-06-01,4.63%,direct,"Between January 2000 and June 2026, Maupuia achieved a capital growth of 4.63%.",,"Between January 2000 and June 2026, Maupuia achieved a capital growth of 4.63%."
Melling,Melling,2000-01-01,2026-06-01,5.10%,calculated,,"The exact capital growth data for Melling was not available. However, between January 2000 and June 2026 the surrounding suburbs (which had data) increased by an average of 5.10%.","The exact capital growth data for Melling was not available. However, between January 2000 and June 2026 the surrounding suburbs (which had data) increased by an average of 5.10%."
Melrose,Melrose,2000-01-01,2026-06-01,5.11%,direct,"Between January 2000 and June 2026, Melrose achieved a capital growth of 5.11%.",,"Between January 2000 and June 2026, Melrose achieved a capital growth of 5.11%."
Miramar,Miramar,2000-01-01,2026-06-01,5.06%,direct,"Between January 2000 and June 2026, Miramar achieved a capital growth of 5.06%.",,"Between January 2000 and June 2026, Miramar achieved a capital growth of 5.06%."
Moa Point,Moa Point,2000-01-01,2026-06-01,5.32%,calculated,,"The exact capital growth data for Moa Point was not available. However, between January 2000 and June 2026 the surrounding suburbs (which had data) increased by an average of 5.32%.","The exact capital growth data for Moa Point was not available. However, between January 2000 and June 2026 the surrounding suburbs (which had data) increased by an average of 5.32%."
Moera,Moera,2000-01-01,2026-06-01,5.27%,calculated,,"The exact capital growth data for Moera was not available. However, between January 2000 and June 2026 the surrounding suburbs (which had data) increased by an average of 5.27%.","The exact capital growth data for Moera was not available. However, between January 2000 and June 2026 the surrounding suburbs (which had data) increased by an average of 5.27%."
Mornington,Mornington,2000-01-01,2026-06-01,5.18%,direct,"Between January 2000 and June 2026, Mornington achieved a capital growth of 5.18%.",,"Between January 2000 and June 2026, Mornington achieved a capital growth of 5.18%."
Mount Cook,Mount Cook,2000-01-01,2026-06-01,4.58%,calculated,,"The exact capital growth data for Mount Cook was not available. However, between January 2000 and June 2026 the surrounding suburbs (which had data) increased by an average of 4.58%.","The exact capital growth data for Mount Cook was not available. However, between January 2000 and June 2026 the surrounding suburbs (which had data) increased by an average of 4.58%."
Mount Victoria,Mount Victoria,2000-01-01,2026-06-01,4.16%,direct,"Between January 2000 and June 2026, Mount Victoria achieved a capital growth of 4.16%.",,"Between January 2000 and June 2026, Mount Victoria achieved a capital growth of 4.16%."
Naenae,Naenae,2000-01-01,2026-06-01,6.08%,direct,"Between January 2000 and June 2026, Naenae achieved a capital growth of 6.08%.",,"Between January 2000 and June 2026, Naenae achieved a capital growth of 6.08%."
Newlands,Newlands,2000-01-01,2026-06-01,5.79%,direct,"Between January 2000 and June 2026, Newlands achieved a capital growth of 5.79%.",,"Between January 2000 and June 2026, Newlands achieved a capital growth of 5.79%."
Newtown,Newtown,2000-01-01,2026-06-01,5.17%,direct,"Between January 2000 and June 2026, Newtown achieved a capital growth of 5.17%.",,"Between January 2000 and June 2026, Newtown achieved a capital growth of 5.17%."
Ngaio,Ngaio,2000-01-01,2026-06-01,5.08%,direct,"Between January 2000 and June 2026, Ngaio achieved a capital growth of 5.08%.",,"Between January 2000 and June 2026, Ngaio achieved a capital growth of 5.08%."
Ngauranga,Ngauranga,2000-01-01,2026-06-01,5.19%,calculated,,"The exact capital growth data for Ngauranga was not available. However, between January 2000 and June 2026 the surrounding suburbs (which had data) increased by an average of 5.19%.","The exact capital growth data for Ngauranga was not available. However, between January 2000 and June 2026 the surrounding suburbs (which had data) increased by an average of 5.19%."
Normandale,Normandale,2000-01-01,2026-06-01,5.55%,direct,"Between January 2000 and June 2026, Normandale achieved a capital growth of 5.55%.",,"Between January 2000 and June 2026, Normandale achieved a capital growth of 5.55%."
Northland,Northland,2000-01-01,2026-06-01,4.54%,direct,"Between January 2000 and June 2026, Northland achieved a capital growth of 4.54%.",,"Between January 2000 and June 2026, Northland achieved a capital growth of 4.54%."
Oriental bay,Oriental bay,2000-01-01,2026-06-01,3.84%,calculated,,"The exact capital growth data for Oriental bay was not available. However, between January 2000 and June 2026 the surrounding suburbs (which had data) increased by an average of 3.84%.","The exact capital growth data for Oriental bay was not available. However, between January 2000 and June 2026 the surrounding suburbs (which had data) increased by an average of 3.84%."
Otaihanga,Otaihanga,2000-01-01,2026-06-01,,calculated,,"The exact capital growth data for Otaihanga was not available. However, between January 2000 and June 2026 the surrounding suburbs (which had data) increased by an average of .","The exact capital growth data for Otaihanga was not available. However, between January 2000 and June 2026 the surrounding suburbs (which had data) increased by an average of ."
Otaki,Otaki,2000-01-01,2026-06-01,6.47%,direct,"Between January 2000 and June 2026, Otaki achieved a capital growth of 6.47%.",,"Between January 2000 and June 2026, Otaki achieved a capital growth of 6.47%."
Otaki Beach,Otaki Beach,2000-01-01,2026-06-01,6.57%,direct,"Between January 2000 and June 2026, Otaki Beach achieved a capital growth of 6.57%.",,"Between January 2000 and June 2026, Otaki Beach achieved a capital growth of 6.57%."
Owhiro Bay,Owhiro Bay,2000-01-01,2026-06-01,4.74%,direct,"Between January 2000 and June 2026, Owhiro Bay achieved a capital growth of 4.74%.",,"Between January 2000 and June 2026, Owhiro Bay achieved a capital growth of 4.74%."
Paekakariki,Paekakariki,2000-01-01,2026-06-01,6.07%,direct,"Between January 2000 and June 2026, Paekakariki achieved a capital growth of 6.07%.",,"Between January 2000 and June 2026, Paekakariki achieved a capital growth of 6.07%."
Papakowhai,Papakowhai,2000-01-01,2026-06-01,5.17%,direct,"Between January 2000 and June 2026, Papakowhai achieved a capital growth of 5.17%.",,"Between January 2000 and June 2026, Papakowhai achieved a capital growth of 5.17%."
Paparangi,Paparangi,2000-01-01,2026-06-01,5.71%,direct,"Between January 2000 and June 2026, Paparangi achieved a capital growth of 5.71%.",,"Between January 2000 and June 2026, Paparangi achieved a capital growth of 5.71%."
Paraparaumu,Paraparaumu,2000-01-01,2026-06-01,5.62%,direct,"Between January 2000 and June 2026, Paraparaumu achieved a capital growth of 5.62%.",,"Between January 2000 and June 2026, Paraparaumu achieved a capital growth of 5.62%."
Paraparaumu Beach,Paraparaumu Beach,2000-01-01,2026-06-01,5.39%,direct,"Between January 2000 and June 2026, Paraparaumu Beach achieved a capital growth of 5.39%.",,"Between January 2000 and June 2026, Paraparaumu Beach achieved a capital growth of 5.39%."
Paremata,Paremata,2000-01-01,2026-06-01,4.93%,direct,"Between January 2000 and June 2026, Paremata achieved a capital growth of 4.93%.",,"Between January 2000 and June 2026, Paremata achieved a capital growth of 4.93%."
Pauatahanui,Pauatahanui,2000-01-01,2026-06-01,4.86%,calculated,,"The exact capital growth data for Pauatahanui was not available. However, between January 2000 and June 2026 the surrounding suburbs (which had data) increased by an average of 4.86%.","The exact capital growth data for Pauatahanui was not available. However, between January 2000 and June 2026 the surrounding suburbs (which had data) increased by an average of 4.86%."
Pencarrow Head,Pencarrow Head,2000-01-01,2026-06-01,5.10%,calculated,,"The exact capital growth data for Pencarrow Head was not available. However, between January 2000 and June 2026 the surrounding suburbs (which had data) increased by an average of 5.10%.","The exact capital growth data for Pencarrow Head was not available. However, between January 2000 and June 2026 the surrounding suburbs (which had data) increased by an average of 5.10%."
Petone,Petone,2000-01-01,2026-06-01,5.43%,direct,"Between January 2000 and June 2026, Petone achieved a capital growth of 5.43%.",,"Between January 2000 and June 2026, Petone achieved a capital growth of 5.43%."
Pinehaven,Pinehaven,2000-01-01,2026-06-01,5.45%,direct,"Between January 2000 and June 2026, Pinehaven achieved a capital growth of 5.45%.",,"Between January 2000 and June 2026, Pinehaven achieved a capital growth of 5.45%."
Pipitea,Pipitea,2000-01-01,2026-06-01,3.79%,calculated,,"The exact capital growth data for Pipitea was not available. However, between January 2000 and June 2026 the surrounding suburbs (which had data) increased by an average of 3.79%.","The exact capital growth data for Pipitea was not available. However, between January 2000 and June 2026 the surrounding suburbs (which had data) increased by an average of 3.79%."
Plimmerton,Plimmerton,2000-01-01,2026-06-01,4.69%,direct,"Between January 2000 and June 2026, Plimmerton achieved a capital growth of 4.69%.",,"Between January 2000 and June 2026, Plimmerton achieved a capital growth of 4.69%."
Point Howard,Point Howard,2000-01-01,2026-06-01,7.04%,calculated,,"The exact capital growth data for Point Howard was not available. However, between January 2000 and June 2026 the surrounding suburbs (which had data) increased by an average of 7.04%.","The exact capital growth data for Point Howard was not available. However, between January 2000 and June 2026 the surrounding suburbs (which had data) increased by an average of 7.04%."
Porirua City Centre,Porirua City Centre,2000-01-01,2026-06-01,7.09%,calculated,,"The exact capital growth data for Porirua City Centre was not available. However, between January 2000 and June 2026 the surrounding suburbs (which had data) increased by an average of 7.09%.","The exact capital growth data for Porirua City Centre was not available. However, between January 2000 and June 2026 the surrounding suburbs (which had data) increased by an average of 7.09%."
Pukerua Bay,Pukerua Bay,2000-01-01,2026-06-01,5.65%,direct,"Between January 2000 and June 2026, Pukerua Bay achieved a capital growth of 5.65%.",,"Between January 2000 and June 2026, Pukerua Bay achieved a capital growth of 5.65%."
Ranui,Ranui,2000-01-01,2026-06-01,7.05%,direct,"Between January 2000 and June 2026, Ranui achieved a capital growth of 7.05%.",,"Between January 2000 and June 2026, Ranui achieved a capital growth of 7.05%."
Raumati Beach,Raumati Beach,2000-01-01,2026-06-01,5.63%,direct,"Between January 2000 and June 2026, Raumati Beach achieved a capital growth of 5.63%.",,"Between January 2000 and June 2026, Raumati Beach achieved a capital growth of 5.63%."
Raumati South,Raumati South,2000-01-01,2026-06-01,5.77%,direct,"Between January 2000 and June 2026, Raumati South achieved a capital growth of 5.77%.",,"Between January 2000 and June 2026, Raumati South achieved a capital growth of 5.77%."
Remutaka Forest Park,Remutaka Forest Park,2000-01-01,2026-06-01,7.04%,calculated,,"The exact capital growth data for Remutaka Forest Park was not available. However, between January 2000 and June 2026 the surrounding suburbs (which had data) increased by an average of 7.04%.","The exact capital growth data for Remutaka Forest Park was not available. However, between January 2000 and June 2026 the surrounding suburbs (which had data) increased by an average of 7.04%."
Riversdale Beach,Riversdale Beach,2000-01-01,2026-06-01,,calculated,,"The exact capital growth data for Riversdale Beach was not available. However, between January 2000 and June 2026 the surrounding suburbs (which had data) increased by an average of .","The exact capital growth data for Riversdale Beach was not available. However, between January 2000 and June 2026 the surrounding suburbs (which had data) increased by an average of ."
Riverstone Terraces,Riverstone Terraces,2000-01-01,2026-06-01,,calculated,,"The exact capital growth data for Riverstone Terraces was not available. However, between January 2000 and June 2026 the surrounding suburbs (which had data) increased by an average of .","The exact capital growth data for Riverstone Terraces was not available. However, between January 2000 and June 2026 the surrounding suburbs (which had data) increased by an average of ."
Rongotai,Rongotai,2000-01-01,2026-06-01,5.55%,direct,"Between January 2000 and June 2026, Rongotai achieved a capital growth of 5.55%.",,"Between January 2000 and June 2026, Rongotai achieved a capital growth of 5.55%."
Roseneath,Roseneath,2000-01-01,2026-06-01,4.25%,direct,"Between January 2000 and June 2026, Roseneath achieved a capital growth of 4.25%.",,"Between January 2000 and June 2026, Roseneath achieved a capital growth of 4.25%."
Seatoun,Seatoun,2000-01-01,2026-06-01,4.90%,direct,"Between January 2000 and June 2026, Seatoun achieved a capital growth of 4.90%.",,"Between January 2000 and June 2026, Seatoun achieved a capital growth of 4.90%."
Seaview,Seaview,2000-01-01,2026-06-01,5.43%,calculated,,"The exact capital growth data for Seaview was not available. However, between January 2000 and June 2026 the surrounding suburbs (which had data) increased by an average of 5.43%.","The exact capital growth data for Seaview was not available. However, between January 2000 and June 2026 the surrounding suburbs (which had data) increased by an average of 5.43%."
Silverstream,Silverstream,2000-01-01,2026-06-01,5.47%,direct,"Between January 2000 and June 2026, Silverstream achieved a capital growth of 5.47%.",,"Between January 2000 and June 2026, Silverstream achieved a capital growth of 5.47%."
Solway,Solway,2000-01-01,2026-06-01,6.86%,direct,"Between January 2000 and June 2026, Solway achieved a capital growth of 6.86%.",,"Between January 2000 and June 2026, Solway achieved a capital growth of 6.86%."
Southgate,Southgate,2000-01-01,2026-06-01,5.41%,direct,"Between January 2000 and June 2026, Southgate achieved a capital growth of 5.41%.",,"Between January 2000 and June 2026, Southgate achieved a capital growth of 5.41%."
Stokes Valley,Stokes Valley,2000-01-01,2026-06-01,6.10%,direct,"Between January 2000 and June 2026, Stokes Valley achieved a capital growth of 6.10%.",,"Between January 2000 and June 2026, Stokes Valley achieved a capital growth of 6.10%."
Strathmore Park,Strathmore Park,2000-01-01,2026-06-01,5.09%,direct,"Between January 2000 and June 2026, Strathmore Park achieved a capital growth of 5.09%.",,"Between January 2000 and June 2026, Strathmore Park achieved a capital growth of 5.09%."
Sunshine Bay,Sunshine Bay,2000-01-01,2026-06-01,7.04%,calculated,,"The exact capital growth data for Sunshine Bay was not available. However, between January 2000 and June 2026 the surrounding suburbs (which had data) increased by an average of 7.04%.","The exact capital growth data for Sunshine Bay was not available. However, between January 2000 and June 2026 the surrounding suburbs (which had data) increased by an average of 7.04%."
Taita,Taita,2000-01-01,2026-06-01,6.23%,direct,"Between January 2000 and June 2026, Taita achieved a capital growth of 6.23%.",,"Between January 2000 and June 2026, Taita achieved a capital growth of 6.23%."
Takapu Valley,Takapu Valley,2000-01-01,2026-06-01,6.06%,calculated,,"The exact capital growth data for Takapu Valley was not available. However, between January 2000 and June 2026 the surrounding suburbs (which had data) increased by an average of 6.06%.","The exact capital growth data for Takapu Valley was not available. However, between January 2000 and June 2026 the surrounding suburbs (which had data) increased by an average of 6.06%."
Takapuwahia,Takapuwahia,2000-01-01,2026-06-01,7.12%,direct,"Between January 2000 and June 2026, Takapuwahia achieved a capital growth of 7.12%.",,"Between January 2000 and June 2026, Takapuwahia achieved a capital growth of 7.12%."
Tawa,Tawa,2000-01-01,2026-06-01,5.46%,direct,"Between January 2000 and June 2026, Tawa achieved a capital growth of 5.46%.",,"Between January 2000 and June 2026, Tawa achieved a capital growth of 5.46%."
Te Aro,Te Aro,2000-01-01,2026-06-01,3.10%,direct,"Between January 2000 and June 2026, Te Aro achieved a capital growth of 3.10%.",,"Between January 2000 and June 2026, Te Aro achieved a capital growth of 3.10%."
Te Horo Beach,Te Horo Beach,2000-01-01,2026-06-01,6.17%,direct,"Between January 2000 and June 2026, Te Horo Beach achieved a capital growth of 6.17%.",,"Between January 2000 and June 2026, Te Horo Beach achieved a capital growth of 6.17%."
Te Marua,Te Marua,2000-01-01,2026-06-01,6.03%,direct,"Between January 2000 and June 2026, Te Marua achieved a capital growth of 6.03%.",,"Between January 2000 and June 2026, Te Marua achieved a capital growth of 6.03%."
Thorndon,Thorndon,2000-01-01,2026-06-01,4.06%,direct,"Between January 2000 and June 2026, Thorndon achieved a capital growth of 4.06%.",,"Between January 2000 and June 2026, Thorndon achieved a capital growth of 4.06%."
Timberlea,Timberlea,2000-01-01,2026-06-01,,calculated,,"The exact capital growth data for Timberlea was not available. However, between January 2000 and June 2026 the surrounding suburbs (which had data) increased by an average of .","The exact capital growth data for Timberlea was not available. However, between January 2000 and June 2026 the surrounding suburbs (which had data) increased by an average of ."
Tirohanga,Tirohanga,2000-01-01,2026-06-01,4.90%,calculated,,"The exact capital growth data for Tirohanga was not available. However, between January 2000 and June 2026 the surrounding suburbs (which had data) increased by an average of 4.90%.","The exact capital growth data for Tirohanga was not available. However, between January 2000 and June 2026 the surrounding suburbs (which had data) increased by an average of 4.90%."
Titahi Bay,Titahi Bay,2000-01-01,2026-06-01,6.38%,direct,"Between January 2000 and June 2026, Titahi Bay achieved a capital growth of 6.38%.",,"Between January 2000 and June 2026, Titahi Bay achieved a capital growth of 6.38%."
Totara Park,Totara Park,2000-01-01,2026-06-01,6.01%,direct,"Between January 2000 and June 2026, Totara Park achieved a capital growth of 6.01%.",,"Between January 2000 and June 2026, Totara Park achieved a capital growth of 6.01%."
Trentham,Trentham,2000-01-01,2026-06-01,6.51%,direct,"Between January 2000 and June 2026, Trentham achieved a capital growth of 6.51%.",,"Between January 2000 and June 2026, Trentham achieved a capital growth of 6.51%."
Vogeltown,Vogeltown,2000-01-01,2026-06-01,5.15%,direct,"Between January 2000 and June 2026, Vogeltown achieved a capital growth of 5.15%.",,"Between January 2000 and June 2026, Vogeltown achieved a capital growth of 5.15%."
Wadestown,Wadestown,2000-01-01,2026-06-01,4.35%,direct,"Between January 2000 and June 2026, Wadestown achieved a capital growth of 4.35%.",,"Between January 2000 and June 2026, Wadestown achieved a capital growth of 4.35%."
Waikanae,Waikanae,2000-01-01,2026-06-01,5.70%,direct,"Between January 2000 and June 2026, Waikanae achieved a capital growth of 5.70%.",,"Between January 2000 and June 2026, Waikanae achieved a capital growth of 5.70%."
Waikanae Beach,Waikanae Beach,2000-01-01,2026-06-01,6.22%,direct,"Between January 2000 and June 2026, Waikanae Beach achieved a capital growth of 6.22%.",,"Between January 2000 and June 2026, Waikanae Beach achieved a capital growth of 6.22%."
Wainuiomata,Wainuiomata,2000-01-01,2026-06-01,7.04%,direct,"Between January 2000 and June 2026, Wainuiomata achieved a capital growth of 7.04%.",,"Between January 2000 and June 2026, Wainuiomata achieved a capital growth of 7.04%."
Wainuiomata Coast,Wainuiomata Coast,2000-01-01,2026-06-01,5.72%,calculated,,"The exact capital growth data for Wainuiomata Coast was not available. However, between January 2000 and June 2026 the surrounding suburbs (which had data) increased by an average of 5.72%.","The exact capital growth data for Wainuiomata Coast was not available. However, between January 2000 and June 2026 the surrounding suburbs (which had data) increased by an average of 5.72%."
Waitaha Cove,Waitaha Cove,2000-01-01,2026-06-01,5.50%,calculated,,"The exact capital growth data for Waitaha Cove was not available. However, between January 2000 and June 2026 the surrounding suburbs (which had data) increased by an average of 5.50%.","The exact capital growth data for Waitaha Cove was not available. However, between January 2000 and June 2026 the surrounding suburbs (which had data) increased by an average of 5.50%."
Waitangirua,Waitangirua,2000-01-01,2026-06-01,7.92%,direct,"Between January 2000 and June 2026, Waitangirua achieved a capital growth of 7.92%.",,"Between January 2000 and June 2026, Waitangirua achieved a capital growth of 7.92%."
Waiwhetu,Waiwhetu,2000-01-01,2026-06-01,5.57%,direct,"Between January 2000 and June 2026, Waiwhetu achieved a capital growth of 5.57%.",,"Between January 2000 and June 2026, Waiwhetu achieved a capital growth of 5.57%."
Wallaceville,Wallaceville,2000-01-01,2026-06-01,6.73%,direct,"Between January 2000 and June 2026, Wallaceville achieved a capital growth of 6.73%.",,"Between January 2000 and June 2026, Wallaceville achieved a capital growth of 6.73%."
Waterloo,Waterloo,2000-01-01,2026-06-01,5.13%,direct,"Between January 2000 and June 2026, Waterloo achieved a capital growth of 5.13%.",,"Between January 2000 and June 2026, Waterloo achieved a capital growth of 5.13%."
Wellington Central,Wellington Central,2000-01-01,2026-06-01,2.57%,direct,"Between January 2000 and June 2026, Wellington Central achieved a capital growth of 2.57%.",,"Between January 2000 and June 2026, Wellington Central achieved a capital growth of 2.57%."
Whitby,Whitby,2000-01-01,2026-06-01,4.91%,direct,"Between January 2000 and June 2026, Whitby achieved a capital growth of 4.91%.",,"Between January 2000 and June 2026, Whitby achieved a capital growth of 4.91%."
Wilton,Wilton,2000-01-01,2026-06-01,5.13%,direct,"Between January 2000 and June 2026, Wilton achieved a capital growth of 5.13%.",,"Between January 2000 and June 2026, Wilton achieved a capital growth of 5.13%."
Woburn,Woburn,2000-01-01,2026-06-01,4.75%,direct,"Between January 2000 and June 2026, Woburn achieved a capital growth of 4.75%.",,"Between January 2000 and June 2026, Woburn achieved a capital growth of 4.75%."
Woodridge,Woodridge,2000-01-01,2026-06-01,5.75%,calculated,,"The exact capital growth data for Woodridge was not available. However, between January 2000 and June 2026 the surrounding suburbs (which had data) increased by an average of 5.75%.","The exact capital growth data for Woodridge was not available. However, between January 2000 and June 2026 the surrounding suburbs (which had data) increased by an average of 5.75%."
York Bay,York Bay,2000-01-01,2026-06-01,7.04%,calculated,,"The exact capital growth data for York Bay was not available. However, between January 2000 and June 2026 the surrounding suburbs (which had data) increased by an average of 7.04%.","The exact capital growth data for York Bay was not available. However, between January 2000 and June 2026 the surrounding suburbs (which had data) increased by an average of 7.04%."