Suburb (Internal),Suburb (Datawrapper),Date Start,Date End,Price,Rent,Yield,Direct or Calculated,Direct Tool tip,Calculated Tool Tip,Consolidated Tool Tip
Alicetown,Alicetown,2000-01-01,2026-06-01,763700,570,3.88%,direct,Alicetown has a gross yield of 3.88%.,,Alicetown has a gross yield of 3.88%.
Aotea,Aotea,2000-01-01,2026-06-01,1221650,870,3.70%,direct,Aotea has a gross yield of 3.70%.,,Aotea has a gross yield of 3.70%.
Aro Valley,Aro Valley,2000-01-01,2026-06-01,838750,630,3.91%,direct,Aro Valley has a gross yield of 3.91%.,,Aro Valley has a gross yield of 3.91%.
Ascot Park,Ascot Park,2000-01-01,2026-06-01,644000,650,5.25%,direct,Ascot Park has a gross yield of 5.25%.,,Ascot Park has a gross yield of 5.25%.
Avalon,Avalon,2000-01-01,2026-06-01,698300,600,4.47%,direct,Avalon has a gross yield of 4.47%.,,Avalon has a gross yield of 4.47%.
Belmont,Belmont,2000-01-01,2026-06-01,857400,655,3.97%,direct,Belmont has a gross yield of 3.97%.,,Belmont has a gross yield of 3.97%.
Berhampore,Berhampore,2000-01-01,2026-06-01,779300,698,4.66%,direct,Berhampore has a gross yield of 4.66%.,,Berhampore has a gross yield of 4.66%.
Birchville,Birchville,2000-01-01,2026-06-01,660250,600,,,,"The exact yield data for Birchville was not available. However, the surrounding suburbs (which had data) produce an average yield of .","The exact yield data for Birchville was not available. However, the surrounding suburbs (which had data) produce an average yield of ."
Boulcott,Boulcott,2000-01-01,2026-06-01,838700,630,3.91%,direct,Boulcott has a gross yield of 3.91%.,,Boulcott has a gross yield of 3.91%.
Breaker Bay,Breaker Bay,2000-01-01,2026-06-01,N/A,N/A,3.51%,calculated,,"The exact yield data for Breaker Bay was not available. However, the surrounding suburbs (which had data) produce an average yield of 3.51%.","The exact yield data for Breaker Bay was not available. However, the surrounding suburbs (which had data) produce an average yield of 3.51%."
Broadmeadows,Broadmeadows,2000-01-01,2026-06-01,840000,675,4.18%,direct,Broadmeadows has a gross yield of 4.18%.,,Broadmeadows has a gross yield of 4.18%.
Brooklyn,Brooklyn,2000-01-01,2026-06-01,999600,650,3.38%,direct,Brooklyn has a gross yield of 3.38%.,,Brooklyn has a gross yield of 3.38%.
Brown Owl,Brown Owl,2000-01-01,2026-06-01,741750,560,3.93%,direct,Brown Owl has a gross yield of 3.93%.,,Brown Owl has a gross yield of 3.93%.
Camborne,Camborne,2000-01-01,2026-06-01,897150,690,4.00%,direct,Camborne has a gross yield of 4.00%.,,Camborne has a gross yield of 4.00%.
Cannons Creek,Cannons Creek,2000-01-01,2026-06-01,543150,550,5.27%,direct,Cannons Creek has a gross yield of 5.27%.,,Cannons Creek has a gross yield of 5.27%.
Cape Palliser,Cape Palliser,2000-01-01,2026-06-01,N/A,N/A,,calculated,,"The exact yield data for Cape Palliser was not available. However, the surrounding suburbs (which had data) produce an average yield of .","The exact yield data for Cape Palliser was not available. However, the surrounding suburbs (which had data) produce an average yield of ."
Carterton,Carterton,2000-01-01,2026-06-01,607700,500,4.28%,direct,Carterton has a gross yield of 4.28%.,,Carterton has a gross yield of 4.28%.
Castlepoint,Castlepoint,2000-01-01,2026-06-01,N/A,N/A,,calculated,,"The exact yield data for Castlepoint was not available. However, the surrounding suburbs (which had data) produce an average yield of .","The exact yield data for Castlepoint was not available. However, the surrounding suburbs (which had data) produce an average yield of ."
Churton Park,Churton Park,2000-01-01,2026-06-01,1034850,750,3.77%,direct,Churton Park has a gross yield of 3.77%.,,Churton Park has a gross yield of 3.77%.
Clouston Park,Clouston Park,2000-01-01,2026-06-01,655600,510,4.05%,direct,Clouston Park has a gross yield of 4.05%.,,Clouston Park has a gross yield of 4.05%.
Crofton Downs,Crofton Downs,2000-01-01,2026-06-01,983150,600,3.17%,direct,Crofton Downs has a gross yield of 3.17%.,,Crofton Downs has a gross yield of 3.17%.
Days Bay,Days Bay,2000-01-01,2026-06-01,1107800,650,3.05%,direct,Days Bay has a gross yield of 3.05%.,,Days Bay has a gross yield of 3.05%.
Eastbourne,Eastbourne,2000-01-01,2026-06-01,1075400,750,3.63%,direct,Eastbourne has a gross yield of 3.63%.,,Eastbourne has a gross yield of 3.63%.
Ebdentown,Ebdentown,2000-01-01,2026-06-01,669600,580,4.50%,direct,Ebdentown has a gross yield of 4.50%.,,Ebdentown has a gross yield of 4.50%.
Elderslea,Elderslea,2000-01-01,2026-06-01,732400,645,4.58%,direct,Elderslea has a gross yield of 4.58%.,,Elderslea has a gross yield of 4.58%.
Elsdon,Elsdon,2000-01-01,2026-06-01,647550,269,2.16%,direct,Elsdon has a gross yield of 2.16%.,,Elsdon has a gross yield of 2.16%.
Epuni,Epuni,2000-01-01,2026-06-01,748450,595,4.13%,direct,Epuni has a gross yield of 4.13%.,,Epuni has a gross yield of 4.13%.
Fairfield,Fairfield,2000-01-01,2026-06-01,720850,600,4.33%,direct,Fairfield has a gross yield of 4.33%.,,Fairfield has a gross yield of 4.33%.
Featherston,Featherston,2000-01-01,2026-06-01,523150,550,5.47%,direct,Featherston has a gross yield of 5.47%.,,Featherston has a gross yield of 5.47%.
Glenside,Glenside,2000-01-01,2026-06-01,N/A,N/A,3.91%,calculated,,"The exact yield data for Glenside was not available. However, the surrounding suburbs (which had data) produce an average yield of 3.91%.","The exact yield data for Glenside was not available. However, the surrounding suburbs (which had data) produce an average yield of 3.91%."
Gracefield,Gracefield,2000-01-01,2026-06-01,N/A,N/A,4.74%,calculated,,"The exact yield data for Gracefield was not available. However, the surrounding suburbs (which had data) produce an average yield of 4.74%.","The exact yield data for Gracefield was not available. However, the surrounding suburbs (which had data) produce an average yield of 4.74%."
Grenada North,Grenada North,2000-01-01,2026-06-01,N/A,N/A,3.92%,calculated,,"The exact yield data for Grenada North was not available. However, the surrounding suburbs (which had data) produce an average yield of 3.92%.","The exact yield data for Grenada North was not available. However, the surrounding suburbs (which had data) produce an average yield of 3.92%."
Grenada Village,Grenada Village,2000-01-01,2026-06-01,980550,695,3.69%,direct,Grenada Village has a gross yield of 3.69%.,,Grenada Village has a gross yield of 3.69%.
Greytown,Greytown,2000-01-01,2026-06-01,874950,575,3.42%,direct,Greytown has a gross yield of 3.42%.,,Greytown has a gross yield of 3.42%.
Harbour View,Harbour View,2000-01-01,2026-06-01,840300,750,4.64%,direct,Harbour View has a gross yield of 4.64%.,,Harbour View has a gross yield of 4.64%.
Hataitai,Hataitai,2000-01-01,2026-06-01,1050500,650,3.22%,direct,Hataitai has a gross yield of 3.22%.,,Hataitai has a gross yield of 3.22%.
Heretaunga,Heretaunga,2000-01-01,2026-06-01,882600,600,3.54%,direct,Heretaunga has a gross yield of 3.54%.,,Heretaunga has a gross yield of 3.54%.
Highbury,Highbury,2000-01-01,2026-06-01,N/A,N/A,3.33%,calculated,,"The exact yield data for Highbury was not available. However, the surrounding suburbs (which had data) produce an average yield of 3.33%.","The exact yield data for Highbury was not available. However, the surrounding suburbs (which had data) produce an average yield of 3.33%."
Hongoeka,Hongoeka,2000-01-01,2026-06-01,N/A,N/A,3.63%,calculated,,"The exact yield data for Hongoeka was not available. However, the surrounding suburbs (which had data) produce an average yield of 3.63%.","The exact yield data for Hongoeka was not available. However, the surrounding suburbs (which had data) produce an average yield of 3.63%."
Horokiwi,Horokiwi,2000-01-01,2026-06-01,N/A,N/A,3.79%,calculated,,"The exact yield data for Horokiwi was not available. However, the surrounding suburbs (which had data) produce an average yield of 3.79%.","The exact yield data for Horokiwi was not available. However, the surrounding suburbs (which had data) produce an average yield of 3.79%."
Houghton Bay,Houghton Bay,2000-01-01,2026-06-01,996600,675,3.52%,direct,Houghton Bay has a gross yield of 3.52%.,,Houghton Bay has a gross yield of 3.52%.
Hutt Central,Hutt Central,2000-01-01,2026-06-01,911250,455,2.60%,direct,Hutt Central has a gross yield of 2.60%.,,Hutt Central has a gross yield of 2.60%.
Island Bay,Island Bay,2000-01-01,2026-06-01,1075600,688,3.33%,direct,Island Bay has a gross yield of 3.33%.,,Island Bay has a gross yield of 3.33%.
Johnsonville,Johnsonville,2000-01-01,2026-06-01,809100,640,4.11%,direct,Johnsonville has a gross yield of 4.11%.,,Johnsonville has a gross yield of 4.11%.
Kaiwharawhara,Kaiwharawhara,2000-01-01,2026-06-01,N/A,N/A,3.54%,calculated,,"The exact yield data for Kaiwharawhara was not available. However, the surrounding suburbs (which had data) produce an average yield of 3.54%.","The exact yield data for Kaiwharawhara was not available. However, the surrounding suburbs (which had data) produce an average yield of 3.54%."
Karaka Bays,Karaka Bays,2000-01-01,2026-06-01,1431300,870,3.16%,direct,Karaka Bays has a gross yield of 3.16%.,,Karaka Bays has a gross yield of 3.16%.
Karori,Karori,2000-01-01,2026-06-01,1016000,671,3.43%,direct,Karori has a gross yield of 3.43%.,,Karori has a gross yield of 3.43%.
Kelburn,Kelburn,2000-01-01,2026-06-01,1332600,665,2.59%,direct,Kelburn has a gross yield of 2.59%.,,Kelburn has a gross yield of 2.59%.
Kelson,Kelson,2000-01-01,2026-06-01,770850,660,4.45%,direct,Kelson has a gross yield of 4.45%.,,Kelson has a gross yield of 4.45%.
Kenepuru,Kenepuru,2000-01-01,2026-06-01,N/A,N/A,3.64%,calculated,,"The exact yield data for Kenepuru was not available. However, the surrounding suburbs (which had data) produce an average yield of 3.64%.","The exact yield data for Kenepuru was not available. However, the surrounding suburbs (which had data) produce an average yield of 3.64%."
Khandallah,Khandallah,2000-01-01,2026-06-01,1191900,700,3.05%,direct,Khandallah has a gross yield of 3.05%.,,Khandallah has a gross yield of 3.05%.
Kilbirnie,Kilbirnie,2000-01-01,2026-06-01,823550,650,4.10%,direct,Kilbirnie has a gross yield of 4.10%.,,Kilbirnie has a gross yield of 4.10%.
Kingston,Kingston,2000-01-01,2026-06-01,805050,780,5.04%,direct,Kingston has a gross yield of 5.04%.,,Kingston has a gross yield of 5.04%.
Korokoro,Korokoro,2000-01-01,2026-06-01,936000,595,3.31%,direct,Korokoro has a gross yield of 3.31%.,,Korokoro has a gross yield of 3.31%.
Kuripuni,Kuripuni,2000-01-01,2026-06-01,519500,535,5.36%,direct,Kuripuni has a gross yield of 5.36%.,,Kuripuni has a gross yield of 5.36%.
Lansdowne,Lansdowne,2000-01-01,2026-06-01,591150,545,4.79%,direct,Lansdowne has a gross yield of 4.79%.,,Lansdowne has a gross yield of 4.79%.
Lowry Bay,Lowry Bay,2000-01-01,2026-06-01,N/A,N/A,5.06%,calculated,,"The exact yield data for Lowry Bay was not available. However, the surrounding suburbs (which had data) produce an average yield of 5.06%.","The exact yield data for Lowry Bay was not available. However, the surrounding suburbs (which had data) produce an average yield of 5.06%."
Lyall Bay,Lyall Bay,2000-01-01,2026-06-01,912300,670,3.82%,direct,Lyall Bay has a gross yield of 3.82%.,,Lyall Bay has a gross yield of 3.82%.
Mahina Bay,Mahina Bay,2000-01-01,2026-06-01,N/A,N/A,5.06%,calculated,,"The exact yield data for Mahina Bay was not available. However, the surrounding suburbs (which had data) produce an average yield of 5.06%.","The exact yield data for Mahina Bay was not available. However, the surrounding suburbs (which had data) produce an average yield of 5.06%."
Manor Park,Manor Park,2000-01-01,2026-06-01,N/A,N/A,4.94%,calculated,,"The exact yield data for Manor Park was not available. However, the surrounding suburbs (which had data) produce an average yield of 4.94%.","The exact yield data for Manor Park was not available. However, the surrounding suburbs (which had data) produce an average yield of 4.94%."
Maoribank,Maoribank,2000-01-01,2026-06-01,613200,645,5.47%,direct,Maoribank has a gross yield of 5.47%.,,Maoribank has a gross yield of 5.47%.
Martinborough,Martinborough,2000-01-01,2026-06-01,852650,570,3.48%,direct,Martinborough has a gross yield of 3.48%.,,Martinborough has a gross yield of 3.48%.
Masterton,Masterton,2000-01-01,2026-06-01,518350,500,5.02%,direct,Masterton has a gross yield of 5.02%.,,Masterton has a gross yield of 5.02%.
Maungaraki,Maungaraki,2000-01-01,2026-06-01,794450,598,3.91%,direct,Maungaraki has a gross yield of 3.91%.,,Maungaraki has a gross yield of 3.91%.
Maupuia,Maupuia,2000-01-01,2026-06-01,829950,600,3.76%,direct,Maupuia has a gross yield of 3.76%.,,Maupuia has a gross yield of 3.76%.
Melling,Melling,2000-01-01,2026-06-01,N/A,N/A,3.95%,calculated,,"The exact yield data for Melling was not available. However, the surrounding suburbs (which had data) produce an average yield of 3.95%.","The exact yield data for Melling was not available. However, the surrounding suburbs (which had data) produce an average yield of 3.95%."
Melrose,Melrose,2000-01-01,2026-06-01,929600,528,2.95%,direct,Melrose has a gross yield of 2.95%.,,Melrose has a gross yield of 2.95%.
Miramar,Miramar,2000-01-01,2026-06-01,932650,723,4.03%,direct,Miramar has a gross yield of 4.03%.,,Miramar has a gross yield of 4.03%.
Moa Point,Moa Point,2000-01-01,2026-06-01,N/A,N/A,3.62%,calculated,,"The exact yield data for Moa Point was not available. However, the surrounding suburbs (which had data) produce an average yield of 3.62%.","The exact yield data for Moa Point was not available. However, the surrounding suburbs (which had data) produce an average yield of 3.62%."
Moera,Moera,2000-01-01,2026-06-01,N/A,N/A,3.76%,calculated,,"The exact yield data for Moera was not available. However, the surrounding suburbs (which had data) produce an average yield of 3.76%.","The exact yield data for Moera was not available. However, the surrounding suburbs (which had data) produce an average yield of 3.76%."
Mornington,Mornington,2000-01-01,2026-06-01,935600,655,3.64%,direct,Mornington has a gross yield of 3.64%.,,Mornington has a gross yield of 3.64%.
Mount Cook,Mount Cook,2000-01-01,2026-06-01,657950,500,3.95%,direct,Mount Cook has a gross yield of 3.95%.,,Mount Cook has a gross yield of 3.95%.
Mount Victoria,Mount Victoria,2000-01-01,2026-06-01,1017900,600,3.07%,direct,Mount Victoria has a gross yield of 3.07%.,,Mount Victoria has a gross yield of 3.07%.
Naenae,Naenae,2000-01-01,2026-06-01,572300,595,5.41%,direct,Naenae has a gross yield of 5.41%.,,Naenae has a gross yield of 5.41%.
Newlands,Newlands,2000-01-01,2026-06-01,805050,650,4.20%,direct,Newlands has a gross yield of 4.20%.,,Newlands has a gross yield of 4.20%.
Newtown,Newtown,2000-01-01,2026-06-01,862100,660,3.98%,direct,Newtown has a gross yield of 3.98%.,,Newtown has a gross yield of 3.98%.
Ngaio,Ngaio,2000-01-01,2026-06-01,984650,675,3.56%,direct,Ngaio has a gross yield of 3.56%.,,Ngaio has a gross yield of 3.56%.
Ngauranga,Ngauranga,2000-01-01,2026-06-01,N/A,N/A,3.79%,calculated,,"The exact yield data for Ngauranga was not available. However, the surrounding suburbs (which had data) produce an average yield of 3.79%.","The exact yield data for Ngauranga was not available. However, the surrounding suburbs (which had data) produce an average yield of 3.79%."
Normandale,Normandale,2000-01-01,2026-06-01,831250,670,4.19%,direct,Normandale has a gross yield of 4.19%.,,Normandale has a gross yield of 4.19%.
Northland,Northland,2000-01-01,2026-06-01,964450,595,3.21%,direct,Northland has a gross yield of 3.21%.,,Northland has a gross yield of 3.21%.
Oriental bay,Oriental bay,2000-01-01,2026-06-01,N/A,N/A,3.51%,calculated,,"The exact yield data for Oriental bay was not available. However, the surrounding suburbs (which had data) produce an average yield of 3.51%.","The exact yield data for Oriental bay was not available. However, the surrounding suburbs (which had data) produce an average yield of 3.51%."
Otaihanga,Otaihanga,2000-01-01,2026-06-01,810850,608,3.90%,direct,Otaihanga has a gross yield of 3.90%.,,Otaihanga has a gross yield of 3.90%.
Otaki,Otaki,2000-01-01,2026-06-01,648450,550,4.41%,direct,Otaki has a gross yield of 4.41%.,,Otaki has a gross yield of 4.41%.
Otaki Beach,Otaki Beach,2000-01-01,2026-06-01,609050,520,4.44%,direct,Otaki Beach has a gross yield of 4.44%.,,Otaki Beach has a gross yield of 4.44%.
Owhiro Bay,Owhiro Bay,2000-01-01,2026-06-01,816500,645,4.11%,direct,Owhiro Bay has a gross yield of 4.11%.,,Owhiro Bay has a gross yield of 4.11%.
Paekakariki,Paekakariki,2000-01-01,2026-06-01,928950,600,3.36%,direct,Paekakariki has a gross yield of 3.36%.,,Paekakariki has a gross yield of 3.36%.
Papakowhai,Papakowhai,2000-01-01,2026-06-01,881950,720,4.25%,direct,Papakowhai has a gross yield of 4.25%.,,Papakowhai has a gross yield of 4.25%.
Paparangi,Paparangi,2000-01-01,2026-06-01,836400,650,4.04%,direct,Paparangi has a gross yield of 4.04%.,,Paparangi has a gross yield of 4.04%.
Paraparaumu,Paraparaumu,2000-01-01,2026-06-01,761400,560,3.82%,direct,Paraparaumu has a gross yield of 3.82%.,,Paraparaumu has a gross yield of 3.82%.
Paraparaumu Beach,Paraparaumu Beach,2000-01-01,2026-06-01,859850,600,3.63%,direct,Paraparaumu Beach has a gross yield of 3.63%.,,Paraparaumu Beach has a gross yield of 3.63%.
Paremata,Paremata,2000-01-01,2026-06-01,925400,680,3.82%,direct,Paremata has a gross yield of 3.82%.,,Paremata has a gross yield of 3.82%.
Pauatahanui,Pauatahanui,2000-01-01,2026-06-01,N/A,N/A,3.87%,calculated,,"The exact yield data for Pauatahanui was not available. However, the surrounding suburbs (which had data) produce an average yield of 3.87%.","The exact yield data for Pauatahanui was not available. However, the surrounding suburbs (which had data) produce an average yield of 3.87%."
Pencarrow Head,Pencarrow Head,2000-01-01,2026-06-01,N/A,N/A,3.47%,calculated,,"The exact yield data for Pencarrow Head was not available. However, the surrounding suburbs (which had data) produce an average yield of 3.47%.","The exact yield data for Pencarrow Head was not available. However, the surrounding suburbs (which had data) produce an average yield of 3.47%."
Petone,Petone,2000-01-01,2026-06-01,773050,545,3.67%,direct,Petone has a gross yield of 3.67%.,,Petone has a gross yield of 3.67%.
Pinehaven,Pinehaven,2000-01-01,2026-06-01,726650,590,4.22%,direct,Pinehaven has a gross yield of 4.22%.,,Pinehaven has a gross yield of 4.22%.
Pipitea,Pipitea,2000-01-01,2026-06-01,558350,500,4.66%,direct,Pipitea has a gross yield of 4.66%.,,Pipitea has a gross yield of 4.66%.
Plimmerton,Plimmerton,2000-01-01,2026-06-01,931150,650,3.63%,direct,Plimmerton has a gross yield of 3.63%.,,Plimmerton has a gross yield of 3.63%.
Point Howard,Point Howard,2000-01-01,2026-06-01,N/A,N/A,5.06%,calculated,,"The exact yield data for Point Howard was not available. However, the surrounding suburbs (which had data) produce an average yield of 5.06%.","The exact yield data for Point Howard was not available. However, the surrounding suburbs (which had data) produce an average yield of 5.06%."
Porirua City Centre,Porirua City Centre,2000-01-01,2026-06-01,N/A,N/A,3.64%,calculated,,"The exact yield data for Porirua City Centre was not available. However, the surrounding suburbs (which had data) produce an average yield of 3.64%.","The exact yield data for Porirua City Centre was not available. However, the surrounding suburbs (which had data) produce an average yield of 3.64%."
Pukerua Bay,Pukerua Bay,2000-01-01,2026-06-01,846450,680,4.18%,direct,Pukerua Bay has a gross yield of 4.18%.,,Pukerua Bay has a gross yield of 4.18%.
Ranui,Ranui,2000-01-01,2026-06-01,626900,555,4.60%,direct,Ranui has a gross yield of 4.60%.,,Ranui has a gross yield of 4.60%.
Raumati Beach,Raumati Beach,2000-01-01,2026-06-01,854650,593,3.61%,direct,Raumati Beach has a gross yield of 3.61%.,,Raumati Beach has a gross yield of 3.61%.
Raumati South,Raumati South,2000-01-01,2026-06-01,870500,640,3.82%,direct,Raumati South has a gross yield of 3.82%.,,Raumati South has a gross yield of 3.82%.
Remutaka Forest Park,Remutaka Forest Park,2000-01-01,2026-06-01,N/A,N/A,5.06%,calculated,,"The exact yield data for Remutaka Forest Park was not available. However, the surrounding suburbs (which had data) produce an average yield of 5.06%.","The exact yield data for Remutaka Forest Park was not available. However, the surrounding suburbs (which had data) produce an average yield of 5.06%."
Riversdale Beach,Riversdale Beach,2000-01-01,2026-06-01,N/A,N/A,,calculated,,"The exact yield data for Riversdale Beach was not available. However, the surrounding suburbs (which had data) produce an average yield of .","The exact yield data for Riversdale Beach was not available. However, the surrounding suburbs (which had data) produce an average yield of ."
Riverstone Terraces,Riverstone Terraces,2000-01-01,2026-06-01,991250,805,4.22%,direct,Riverstone Terraces has a gross yield of 4.22%.,,Riverstone Terraces has a gross yield of 4.22%.
Rongotai,Rongotai,2000-01-01,2026-06-01,891000,500,2.92%,direct,Rongotai has a gross yield of 2.92%.,,Rongotai has a gross yield of 2.92%.
Roseneath,Roseneath,2000-01-01,2026-06-01,1420900,725,2.65%,direct,Roseneath has a gross yield of 2.65%.,,Roseneath has a gross yield of 2.65%.
Seatoun,Seatoun,2000-01-01,2026-06-01,1643000,850,2.69%,direct,Seatoun has a gross yield of 2.69%.,,Seatoun has a gross yield of 2.69%.
Seaview,Seaview,2000-01-01,2026-06-01,N/A,N/A,3.67%,calculated,,"The exact yield data for Seaview was not available. However, the surrounding suburbs (which had data) produce an average yield of 3.67%.","The exact yield data for Seaview was not available. However, the surrounding suburbs (which had data) produce an average yield of 3.67%."
Silverstream,Silverstream,2000-01-01,2026-06-01,841250,655,4.05%,direct,Silverstream has a gross yield of 4.05%.,,Silverstream has a gross yield of 4.05%.
Solway,Solway,2000-01-01,2026-06-01,593650,530,4.64%,direct,Solway has a gross yield of 4.64%.,,Solway has a gross yield of 4.64%.
Southgate,Southgate,2000-01-01,2026-06-01,998600,655,3.41%,direct,Southgate has a gross yield of 3.41%.,,Southgate has a gross yield of 3.41%.
Stokes Valley,Stokes Valley,2000-01-01,2026-06-01,623450,610,5.09%,direct,Stokes Valley has a gross yield of 5.09%.,,Stokes Valley has a gross yield of 5.09%.
Strathmore Park,Strathmore Park,2000-01-01,2026-06-01,865100,720,4.33%,direct,Strathmore Park has a gross yield of 4.33%.,,Strathmore Park has a gross yield of 4.33%.
Sunshine Bay,Sunshine Bay,2000-01-01,2026-06-01,N/A,N/A,4.05%,calculated,,"The exact yield data for Sunshine Bay was not available. However, the surrounding suburbs (which had data) produce an average yield of 4.05%.","The exact yield data for Sunshine Bay was not available. However, the surrounding suburbs (which had data) produce an average yield of 4.05%."
Taita,Taita,2000-01-01,2026-06-01,561550,570,5.28%,direct,Taita has a gross yield of 5.28%.,,Taita has a gross yield of 5.28%.
Takapu Valley,Takapu Valley,2000-01-01,2026-06-01,N/A,N/A,4.37%,calculated,,"The exact yield data for Takapu Valley was not available. However, the surrounding suburbs (which had data) produce an average yield of 4.37%.","The exact yield data for Takapu Valley was not available. However, the surrounding suburbs (which had data) produce an average yield of 4.37%."
Takapuwahia,Takapuwahia,2000-01-01,2026-06-01,633600,500,4.10%,direct,Takapuwahia has a gross yield of 4.10%.,,Takapuwahia has a gross yield of 4.10%.
Tawa,Tawa,2000-01-01,2026-06-01,799750,640,4.16%,direct,Tawa has a gross yield of 4.16%.,,Tawa has a gross yield of 4.16%.
Te Aro,Te Aro,2000-01-01,2026-06-01,561000,520,4.82%,direct,Te Aro has a gross yield of 4.82%.,,Te Aro has a gross yield of 4.82%.
Te Horo Beach,Te Horo Beach,2000-01-01,2026-06-01,N/A,N/A,,calculated,,"The exact yield data for Te Horo Beach was not available. However, the surrounding suburbs (which had data) produce an average yield of .","The exact yield data for Te Horo Beach was not available. However, the surrounding suburbs (which had data) produce an average yield of ."
Te Marua,Te Marua,2000-01-01,2026-06-01,N/A,N/A,,calculated,,"The exact yield data for Te Marua was not available. However, the surrounding suburbs (which had data) produce an average yield of .","The exact yield data for Te Marua was not available. However, the surrounding suburbs (which had data) produce an average yield of ."
Thorndon,Thorndon,2000-01-01,2026-06-01,821550,620,3.92%,direct,Thorndon has a gross yield of 3.92%.,,Thorndon has a gross yield of 3.92%.
Timberlea,Timberlea,2000-01-01,2026-06-01,767900,620,4.20%,direct,Timberlea has a gross yield of 4.20%.,,Timberlea has a gross yield of 4.20%.
Tirohanga,Tirohanga,2000-01-01,2026-06-01,934800,800,4.45%,direct,Tirohanga has a gross yield of 4.45%.,,Tirohanga has a gross yield of 4.45%.
Titahi Bay,Titahi Bay,2000-01-01,2026-06-01,699300,580,4.31%,direct,Titahi Bay has a gross yield of 4.31%.,,Titahi Bay has a gross yield of 4.31%.
Totara Park,Totara Park,2000-01-01,2026-06-01,677750,595,4.57%,direct,Totara Park has a gross yield of 4.57%.,,Totara Park has a gross yield of 4.57%.
Trentham,Trentham,2000-01-01,2026-06-01,710850,550,4.02%,direct,Trentham has a gross yield of 4.02%.,,Trentham has a gross yield of 4.02%.
Vogeltown,Vogeltown,2000-01-01,2026-06-01,886750,675,3.96%,direct,Vogeltown has a gross yield of 3.96%.,,Vogeltown has a gross yield of 3.96%.
Wadestown,Wadestown,2000-01-01,2026-06-01,1179300,650,2.87%,direct,Wadestown has a gross yield of 2.87%.,,Wadestown has a gross yield of 2.87%.
Waikanae,Waikanae,2000-01-01,2026-06-01,872650,655,3.90%,direct,Waikanae has a gross yield of 3.90%.,,Waikanae has a gross yield of 3.90%.
Waikanae Beach,Waikanae Beach,2000-01-01,2026-06-01,941900,635,3.51%,direct,Waikanae Beach has a gross yield of 3.51%.,,Waikanae Beach has a gross yield of 3.51%.
Wainuiomata,Wainuiomata,2000-01-01,2026-06-01,611650,595,5.06%,direct,Wainuiomata has a gross yield of 5.06%.,,Wainuiomata has a gross yield of 5.06%.
Wainuiomata Coast,Wainuiomata Coast,2000-01-01,2026-06-01,N/A,N/A,4.42%,calculated,,"The exact yield data for Wainuiomata Coast was not available. However, the surrounding suburbs (which had data) produce an average yield of 4.42%.","The exact yield data for Wainuiomata Coast was not available. However, the surrounding suburbs (which had data) produce an average yield of 4.42%."
Waitaha Cove,Waitaha Cove,2000-01-01,2026-06-01,N/A,N/A,3.82%,calculated,,"The exact yield data for Waitaha Cove was not available. However, the surrounding suburbs (which had data) produce an average yield of 3.82%.","The exact yield data for Waitaha Cove was not available. However, the surrounding suburbs (which had data) produce an average yield of 3.82%."
Waitangirua,Waitangirua,2000-01-01,2026-06-01,540400,560,5.39%,direct,Waitangirua has a gross yield of 5.39%.,,Waitangirua has a gross yield of 5.39%.
Waiwhetu,Waiwhetu,2000-01-01,2026-06-01,707000,600,4.41%,direct,Waiwhetu has a gross yield of 4.41%.,,Waiwhetu has a gross yield of 4.41%.
Wallaceville,Wallaceville,2000-01-01,2026-06-01,704350,605,4.47%,direct,Wallaceville has a gross yield of 4.47%.,,Wallaceville has a gross yield of 4.47%.
Waterloo,Waterloo,2000-01-01,2026-06-01,791350,660,4.34%,direct,Waterloo has a gross yield of 4.34%.,,Waterloo has a gross yield of 4.34%.
Wellington Central,Wellington Central,2000-01-01,2026-06-01,412950,450,5.67%,direct,Wellington Central has a gross yield of 5.67%.,,Wellington Central has a gross yield of 5.67%.
Whitby,Whitby,2000-01-01,2026-06-01,943000,720,3.97%,direct,Whitby has a gross yield of 3.97%.,,Whitby has a gross yield of 3.97%.
Wilton,Wilton,2000-01-01,2026-06-01,864700,580,3.49%,direct,Wilton has a gross yield of 3.49%.,,Wilton has a gross yield of 3.49%.
Woburn,Woburn,2000-01-01,2026-06-01,1079600,640,3.08%,direct,Woburn has a gross yield of 3.08%.,,Woburn has a gross yield of 3.08%.
Woodridge,Woodridge,2000-01-01,2026-06-01,939600,695,3.85%,direct,Woodridge has a gross yield of 3.85%.,,Woodridge has a gross yield of 3.85%.
York Bay,York Bay,2000-01-01,2026-06-01,N/A,N/A,5.06%,calculated,,"The exact yield data for York Bay was not available. However, the surrounding suburbs (which had data) produce an average yield of 5.06%.","The exact yield data for York Bay was not available. However, the surrounding suburbs (which had data) produce an average yield of 5.06%."