TLA,LandUse,n,TLA_name
059,91,18151,Waimakariri
063,91,6755,Ashburton
059,21,5351,Waimakariri
068,NA,1986,Waitaki (part)
063,NA,1821,Ashburton
063,92,1538,Ashburton
054,91,1424,Kaikoura
063,12,1131,Ashburton
059,NA,1114,Waimakariri
059,29,1003,Waimakariri
063,99,934,Ashburton
059,99,850,Waimakariri
063,13,756,Ashburton
063,09,643,Ashburton
064,21,549,Timaru
059,12,459,Waimakariri
062,21,457,Selwyn
064,12,455,Timaru
059,22,454,Waimakariri
063,9,443,Ashburton
059,55,437,Waimakariri
054,21,434,Kaikoura
058,12,402,Hurunui
062,91,358,Selwyn
066,12,352,Waimate
063,19,336,Ashburton
058,21,329,Hurunui
059,92,295,Waimakariri
063,97,288,Ashburton
054,99,263,Kaikoura
063,17,259,Ashburton
054,29,237,Kaikoura
058,91,237,Hurunui
058,99,219,Hurunui
065,12,215,Mackenzie
063,11,198,Ashburton
059,97,197,Waimakariri
062,12,197,Selwyn
065,21,189,Mackenzie
063,90,188,Ashburton
065,29,166,Mackenzie
059,11,155,Waimakariri
066,21,154,Waimate
063,75,143,Ashburton
059,81,141,Waimakariri
054,92,138,Kaikoura
064,29,133,Timaru
062,97,132,Selwyn
068,12,130,Waitaki (part)
063,81,129,Ashburton
059,19,120,Waimakariri
063,16,119,Ashburton
058,29,118,Hurunui
059,77,115,Waimakariri
059,16,109,Waimakariri
054,97,108,Kaikoura
063,46,107,Ashburton
063,62,105,Ashburton
054,93,102,Kaikoura
066,11,102,Waimate
062,29,101,Selwyn
059,62,100,Waimakariri
064,11,100,Timaru
059,17,97,Waimakariri
062,99,95,Selwyn
064,55,90,Timaru
064,13,88,Timaru
063,14,86,Ashburton
059,13,85,Waimakariri
054,14,84,Kaikoura
054,55,83,Kaikoura
054,12,81,Kaikoura
064,91,81,Timaru
068,99,78,Waitaki (part)
068,91,77,Waitaki (part)
059,79,76,Waimakariri
063,79,76,Ashburton
058,55,74,Hurunui
063,55,74,Ashburton
062,11,72,Selwyn
063,84,70,Ashburton
064,17,70,Timaru
065,99,69,Mackenzie
063,53,67,Ashburton
059,75,66,Waimakariri
063,80,66,Ashburton
058,97,64,Hurunui
059,59,64,Waimakariri
062,13,64,Selwyn
059,14,63,Waimakariri
058,14,62,Hurunui
066,14,62,Waimate
063,89,58,Ashburton
068,21,56,Waitaki (part)
059,41,55,Waimakariri
062,14,55,Selwyn
064,NA,55,Timaru
062,55,52,Selwyn
063,59,52,Ashburton
064,97,52,Timaru
066,13,52,Waimate
065,91,51,Mackenzie
063,78,50,Ashburton
059,84,49,Waimakariri
063,44,49,Ashburton
054,19,48,Kaikoura
059,15,47,Waimakariri
059,44,46,Waimakariri
063,40,46,Ashburton
064,16,46,Timaru
054,11,45,Kaikoura
062,19,45,Selwyn
064,99,45,Timaru
066,91,45,Waimate
058,19,44,Hurunui
059,53,44,Waimakariri
062,17,43,Selwyn
063,23,43,Ashburton
059,69,41,Waimakariri
064,14,41,Timaru
065,79,41,Mackenzie
065,14,39,Mackenzie
068,55,38,Waitaki (part)
059,00,37,Waimakariri
063,93,37,Ashburton
066,99,37,Waimate
058,17,36,Hurunui
059,20,36,Waimakariri
066,29,36,Waimate
058,15,35,Hurunui
062,16,35,Selwyn
054,08,34,Kaikoura
059,66,34,Waimakariri
059,89,34,Waimakariri
062,22,34,Selwyn
063,18,34,Ashburton
063,15,33,Ashburton
063,41,33,Ashburton
065,55,33,Mackenzie
068,29,33,Waitaki (part)
054,81,32,Kaikoura
054,NA,32,Kaikoura
059,64,31,Waimakariri
063,1,31,Ashburton
064,19,31,Timaru
059,80,30,Waimakariri
066,55,30,Waimate
059,09,29,Waimakariri
059,90,29,Waimakariri
059,65,28,Waimakariri
068,19,28,Waitaki (part)
063,70,27,Ashburton
066,19,27,Waimate
059,46,26,Waimakariri
059,78,26,Waimakariri
065,19,26,Mackenzie
063,64,25,Ashburton
066,17,25,Waimate
068,14,25,Waitaki (part)
054,59,24,Kaikoura
054,64,24,Kaikoura
059,70,24,Waimakariri
054,22,23,Kaikoura
059,82,23,Waimakariri
063,50,23,Ashburton
065,17,23,Mackenzie
059,73,22,Waimakariri
063,49,22,Ashburton
063,65,22,Ashburton
063,73,22,Ashburton
068,11,21,Waitaki (part)
063,01,20,Ashburton
063,47,20,Ashburton
064,77,20,Timaru
054,00,19,Kaikoura
066,NA,19,Waimate
058,11,18,Hurunui
058,22,18,Hurunui
062,00,18,Selwyn
063,61,18,Ashburton
062,18,17,Selwyn
063,77,17,Ashburton
063,82,17,Ashburton
059,47,16,Waimakariri
062,53,16,Selwyn
063,43,16,Ashburton
063,71,16,Ashburton
064,46,16,Timaru
059,42,15,Waimakariri
068,17,15,Waitaki (part)
054,07,14,Kaikoura
059,95,14,Waimakariri
063,10,14,Ashburton
054,53,13,Kaikoura
058,16,13,Hurunui
059,10,13,Waimakariri
063,69,13,Ashburton
066,97,13,Waimate
058,00,12,Hurunui
058,61,12,Hurunui
059,06,12,Waimakariri
059,71,12,Waimakariri
064,22,12,Timaru
064,75,12,Timaru
065,16,12,Mackenzie
066,46,12,Waimate
054,09,11,Kaikoura
058,13,11,Hurunui
063,32,11,Ashburton
063,42,11,Ashburton
058,NA,10,Hurunui
059,43,10,Waimakariri
059,61,10,Waimakariri
059,72,10,Waimakariri
063,31,10,Ashburton
065,11,10,Mackenzie
066,16,10,Waimate
054,41,9,Kaikoura
054,78,9,Kaikoura
054,80,9,Kaikoura
054,89,9,Kaikoura
054,95,9,Kaikoura
059,18,9,Waimakariri
059,32,9,Waimakariri
059,50,9,Waimakariri
059,93,9,Waimakariri
062,46,9,Selwyn
062,92,9,Selwyn
062,98,9,Selwyn
063,72,9,Ashburton
063,74,9,Ashburton
065,22,9,Mackenzie
065,35,9,Mackenzie
068,62,9,Waitaki (part)
068,97,9,Waitaki (part)
054,40,8,Kaikoura
054,47,8,Kaikoura
054,61,8,Kaikoura
058,46,8,Hurunui
058,53,8,Hurunui
059,07,8,Waimakariri
059,54,8,Waimakariri
064,18,8,Timaru
064,71,8,Timaru
054,16,7,Kaikoura
054,44,7,Kaikoura
054,46,7,Kaikoura
054,50,7,Kaikoura
054,77,7,Kaikoura
054,84,7,Kaikoura
059,94,7,Waimakariri
062,15,7,Selwyn
062,41,7,Selwyn
062,NA,7,Selwyn
063,94,7,Ashburton
064,64,7,Timaru
064,78,7,Timaru
064,79,7,Timaru
066,44,7,Waimate
066,61,7,Waimate
068,15,7,Waitaki (part)
054,10,6,Kaikoura
054,75,6,Kaikoura
054,79,6,Kaikoura
058,10,6,Hurunui
058,59,6,Hurunui
058,81,6,Hurunui
059,31,6,Waimakariri
059,33,6,Waimakariri
059,40,6,Waimakariri
059,83,6,Waimakariri
062,62,6,Selwyn
062,81,6,Selwyn
063,02,6,Ashburton
063,22,6,Ashburton
063,35,6,Ashburton
063,66,6,Ashburton
064,70,6,Timaru
065,44,6,Mackenzie
054,62,5,Kaikoura
054,65,5,Kaikoura
054,71,5,Kaikoura
058,44,5,Hurunui
059,02,5,Waimakariri
059,04,5,Waimakariri
059,51,5,Waimakariri
062,09,5,Selwyn
062,31,5,Selwyn
062,65,5,Selwyn
062,80,5,Selwyn
063,51,5,Ashburton
063,76,5,Ashburton
064,47,5,Timaru
064,53,5,Timaru
064,61,5,Timaru
064,9,5,Timaru
066,22,5,Waimate
066,41,5,Waimate
054,42,4,Kaikoura
054,43,4,Kaikoura
054,51,4,Kaikoura
054,66,4,Kaikoura
058,95,4,Hurunui
059,74,4,Waimakariri
062,44,4,Selwyn
062,61,4,Selwyn
062,64,4,Selwyn
062,66,4,Selwyn
063,52,4,Ashburton
064,15,4,Timaru
064,41,4,Timaru
064,73,4,Timaru
064,90,4,Timaru
065,62,4,Mackenzie
066,47,4,Waimate
054,15,3,Kaikoura
054,17,3,Kaikoura
054,20,3,Kaikoura
054,35,3,Kaikoura
054,94,3,Kaikoura
058,41,3,Hurunui
058,62,3,Hurunui
058,69,3,Hurunui
058,92,3,Hurunui
059,05,3,Waimakariri
059,08,3,Waimakariri
059,30,3,Waimakariri
059,49,3,Waimakariri
059,98,3,Waimakariri
062,90,3,Selwyn
063,04,3,Ashburton
063,33,3,Ashburton
063,83,3,Ashburton
064,43,3,Timaru
064,44,3,Timaru
064,62,3,Timaru
064,81,3,Timaru
065,45,3,Mackenzie
065,53,3,Mackenzie
065,94,3,Mackenzie
065,95,3,Mackenzie
066,62,3,Waimate
066,75,3,Waimate
068,46,3,Waitaki (part)
068,59,3,Waitaki (part)
054,52,2,Kaikoura
054,70,2,Kaikoura
054,82,2,Kaikoura
054,83,2,Kaikoura
058,18,2,Hurunui
058,20,2,Hurunui
058,47,2,Hurunui
058,64,2,Hurunui
058,65,2,Hurunui
058,75,2,Hurunui
059,60,2,Waimakariri
059,76,2,Waimakariri
062,10,2,Selwyn
062,20,2,Selwyn
062,43,2,Selwyn
062,50,2,Selwyn
062,69,2,Selwyn
062,71,2,Selwyn
062,78,2,Selwyn
062,82,2,Selwyn
062,84,2,Selwyn
063,05,2,Ashburton
063,07,2,Ashburton
063,08,2,Ashburton
063,20,2,Ashburton
063,45,2,Ashburton
063,54,2,Ashburton
063,7,2,Ashburton
063,8,2,Ashburton
063,95,2,Ashburton
064,0,2,Timaru
064,1,2,Timaru
064,10,2,Timaru
064,30,2,Timaru
064,50,2,Timaru
064,76,2,Timaru
064,80,2,Timaru
064,84,2,Timaru
064,89,2,Timaru
065,46,2,Mackenzie
065,47,2,Mackenzie
065,59,2,Mackenzie
065,65,2,Mackenzie
065,81,2,Mackenzie
065,93,2,Mackenzie
065,97,2,Mackenzie
066,10,2,Waimate
066,20,2,Waimate
066,53,2,Waimate
066,64,2,Waimate
066,78,2,Waimate
068,53,2,Waitaki (part)
068,64,2,Waitaki (part)
054,03,1,Kaikoura
054,04,1,Kaikoura
054,05,1,Kaikoura
054,18,1,Kaikoura
054,31,1,Kaikoura
054,32,1,Kaikoura
054,34,1,Kaikoura
054,39,1,Kaikoura
054,49,1,Kaikoura
054,60,1,Kaikoura
054,69,1,Kaikoura
058,33,1,Hurunui
058,42,1,Hurunui
058,43,1,Hurunui
058,49,1,Hurunui
058,50,1,Hurunui
058,54,1,Hurunui
058,77,1,Hurunui
058,79,1,Hurunui
058,80,1,Hurunui
058,82,1,Hurunui
058,84,1,Hurunui
058,90,1,Hurunui
059,34,1,Waimakariri
059,35,1,Waimakariri
059,63,1,Waimakariri
062,02,1,Selwyn
062,05,1,Selwyn
062,06,1,Selwyn
062,08,1,Selwyn
062,30,1,Selwyn
062,33,1,Selwyn
062,34,1,Selwyn
062,39,1,Selwyn
062,40,1,Selwyn
062,47,1,Selwyn
062,49,1,Selwyn
062,51,1,Selwyn
062,52,1,Selwyn
062,59,1,Selwyn
062,75,1,Selwyn
062,77,1,Selwyn
062,85,1,Selwyn
062,96,1,Selwyn
063,29,1,Ashburton
063,30,1,Ashburton
064,26800,1,Timaru
064,31,1,Timaru
064,40,1,Timaru
064,45000,1,Timaru
064,48800,1,Timaru
064,65,1,Timaru
064,82,1,Timaru
064,83,1,Timaru
065,00,1,Mackenzie
065,13,1,Mackenzie
065,20,1,Mackenzie
065,30,1,Mackenzie
065,31,1,Mackenzie
065,41,1,Mackenzie
065,43,1,Mackenzie
065,61,1,Mackenzie
065,66,1,Mackenzie
065,70,1,Mackenzie
065,78,1,Mackenzie
065,80,1,Mackenzie
065,90,1,Mackenzie
065,92,1,Mackenzie
066,00,1,Waimate
066,09,1,Waimate
066,15,1,Waimate
066,18,1,Waimate
066,30,1,Waimate
066,34,1,Waimate
066,52,1,Waimate
066,54,1,Waimate
066,59,1,Waimate
066,71,1,Waimate
066,77,1,Waimate
066,83,1,Waimate
066,90,1,Waimate
066,94,1,Waimate
066,95,1,Waimate
068,00,1,Waitaki (part)
068,04,1,Waitaki (part)
068,13,1,Waitaki (part)
068,20,1,Waitaki (part)
068,22,1,Waitaki (part)
068,47,1,Waitaki (part)
068,65,1,Waitaki (part)
068,66,1,Waitaki (part)
068,82,1,Waitaki (part)
068,92,1,Waitaki (part)
068,93,1,Waitaki (part)
